Filename	Novel	Genre	ID	Author	Title	Length
FB_10036118	FB	CF	10036118	delibell	Amortentia.	15500
FB_10057400	FB	CF	10057400	MerryLilHobbit	Stitch by Stitch	18012
FB_10116890	FB	CF	10116890	Truetomorrow	Five Times Seraphina Incorrectly Guessed Percival's Middle Name, and the One Time He Told Her	5524
FB_10202474	FB	CF	10202474	theescapist99	The Heart Asks Pleasure First	6189
FB_10238768	FB	CF	10238768	kamikaze43v3r	Trinket Troubles	8491
FB_10241984	FB	CF	10241984	MonsieurMadeleine	Fucked Up, Literally	9143
FB_10292615	FB	CF	10292615	MercurialTenacity	Desire Is a Gift in Life	5772
FB_10312310	FB	CF	10312310	vaderina	Birds of a Feather	8845
FB_10327295	FB	CF	10327295	MartyGras	Limerence	17780
FB_10333253	FB	CF	10333253	Nightmare_in_Pink	You for Me, Me for You	5155
FB_10384371	FB	CF	10384371	Whitehorse102	A Burning Sensation	6148
FB_10396884	FB	CF	10396884	KatieHavok	Blood Roses	5401
FB_10421313	FB	CF	10421313	KatieHavok	Brimstone	12354
FB_10437621	FB	CF	10437621	KatieHavok	Medusa and Hemlock	5769
FB_10451001	FB	CF	10451001	ravensnwritingdesks	Making an Effort	19370
FB_10468920	FB	CF	10468920	madswritings	Caught in the crossfire	13899
FB_10475103	FB	CF	10475103	dannissa	Pulling Strings	8565
FB_10488756	FB	CF	10488756	obscure_obscurus	Pictures of You	13263
FB_10494132	FB	CF	10494132	yogurt3200	Wildest Dream	17782
FB_10508073	FB	CF	10508073	JulietteWolfe	The Strange and Obscure	5022
FB_10513821	FB	CF	10513821	MurderIsMyPasstime	A Stir of Bones	6137
FB_10517118	FB	CF	10517118	KatieHavok	In The Space Between Breaths	10655
FB_10520589	FB	CF	10520589	flightinflame	A Tiny Problem	5009
FB_10523772	FB	CF	10523772	LokasennaHiddleston	Tony Stark is Dead... Long Live Tony Riddle	14136
FB_10525821	FB	CF	10525821	Imogen74	Safe	8218
FB_10551398	FB	CF	10551398	KatieHavok	Close Every Door	13755
FB_10555098	FB	CF	10555098	kallistob	Paris Is Considerably More Interesting Than I Expected	15603
FB_10563015	FB	CF	10563015	returntosaturn	Back on the Map	16496
FB_10575732	FB	CF	10575732	Megii_of_Mysteri_OusStranger	Eight Candles	5578
FB_10589022	FB	CF	10589022	vaderina	Of Gold Stars and Red Dots	14896
FB_10657761	FB	CF	10657761	flightinflame	Someone Today	6330
FB_10695825	FB	CF	10695825	writingramblr	Loss of Control	6234
FB_10706868	FB	CF	10706868	NightsMistress	Turn (slightly) Left	10017
FB_10707567	FB	CF	10707567	Dreamers_den	Life with Obscurus	5399
FB_10714080	FB	CF	10714080	Geekygirl24	Happiness Can Be Found	6810
FB_10733265	FB	CF	10733265	alamorn	The Boot is Famous to the Earth	14950
FB_10739559	FB	CF	10739559	whimsicalwords	bewitched	6684
FB_10746426	FB	CF	10746426	magicalcrapulent	How to save the Magical Congress of the United States	7431
FB_10768842	FB	CF	10768842	GoddessOfShitpost	Obscurities of a Hufflepuff's Life	15805
FB_10793580	FB	CF	10793580	MercurialTenacity	You Have Been Left Alone	8053
FB_10818072	FB	CF	10818072	WaywardGraves	A Little Problem	5342
FB_10885158	FB	CF	10885158	Anonymous	Take Me Home Tonight	5054
FB_10901835	FB	CF	10901835	roblet	Mr. Daddy Long-Legs Smith	11687
FB_10907166	FB	CF	10907166	MerryLilHobbit	Protect Them	11528
FB_10913970	FB	CF	10913970	canis_m	Six of Sabers	5721
FB_10930182	FB	CF	10930182	pastelcredence	Lockers	18727
FB_10954155	FB	CF	10954155	ravensnwritingdesks	From His Lips Not Words Alone Pleased Her	6882
FB_10991337	FB	CF	10991337	Go_get_Jakes_gun	Safe?	6720
FB_10991397	FB	CF	10991397	tuppenny	Lost in the Snow	5468
FB_10999002	FB	CF	10999002	diwata	one hand, one heart	5392
FB_11016390	FB	CF	11016390	Esta Camille Lupin (edye327)	While the world let go	6897
FB_11071920	FB	CF	11071920	flightinflame	Ten Letters and Two Wars	11838
FB_11106828	FB	CF	11106828	ProvenceSimm	Undoubtedly Yours	5626
FB_11110851	FB	CF	11110851	nerdygaycas	Sea Souls	6718
FB_11162022	FB	CF	11162022	KatieHavok	Rainy Day	6743
FB_11162325	FB	CF	11162325	kopperblaze	Like Common People	12803
FB_11240955	FB	CF	11240955	diwata	lonely water	5042
FB_11276970	FB	CF	11276970	Zalanchenko	After the Fact	19577
FB_11343843	FB	CF	11343843	bluebeholder	Into the Woods	10776
FB_11346141	FB	CF	11346141	almostannette	this boy's an open page	6797
FB_11353032	FB	CF	11353032	Truetomorrow	Full of Belonging (and so full of love)	5667
FB_11362380	FB	CF	11362380	MercurialTenacity	Play Rough and Tumble	7932
FB_11477382	FB	CF	11477382	Anonymous	A Hero with a False Name	9060
FB_11493945	FB	CF	11493945	MerryLilHobbit	Working Overtime	5249
FB_11509089	FB	CF	11509089	KatieHavok	The Man Who Sold The World	5044
FB_11571747	FB	CF	11571747	ElisAttack	a modern woman	5089
FB_11604000	FB	CF	11604000	attica_writes	The Only Living Girl in New York	5522
FB_11618757	FB	CF	11618757	vaderina	All Dogs Go To Heaven.	6509
FB_11627301	FB	CF	11627301	bluebeholder	the no-maj	7133
FB_11685036	FB	CF	11685036	vaderina	Born To Take	11671
FB_11767326	FB	CF	11767326	KissMeCthulhu	That is Not Dead Which Can Eternal Lie (and with strange aeons, even death may die)	12268
FB_11784423	FB	CF	11784423	ROSSELLA1	Puppy Dog Eyes	5498
FB_11789205	FB	CF	11789205	NaughtyLokiStories	What Can I Do?	6137
FB_11852862	FB	CF	11852862	aerospaces	a number of unfinished #colezra fics	16443
FB_11900439	FB	CF	11900439	Chiaroscuro	The Soul Will Speak	18082
FB_11924202	FB	CF	11924202	Descaladumidera	Good Enough	13684
FB_12042273	FB	CF	12042273	vaderina	When The Canary Stops Singing	11006
FB_12086580	FB	CF	12086580	Aate	Simple Things	7331
FB_12117165	FB	CF	12117165	iidams	Gifts of pleasure	8375
FB_12117306	FB	CF	12117306	space_pigeon	Come Back Home	8695
FB_12143223	FB	CF	12143223	bluebeholder	Fluff Therapy	8003
FB_12177063	FB	CF	12177063	Footloose	Heart on a Hook	10672
FB_12241077	FB	CF	12241077	MerryLilHobbit	Least Wanted	12919
FB_12283221	FB	CF	12283221	dailandin	A tie that binds	10892
FB_12320535	FB	CF	12320535	startabby	A Tale of Two Letters	17561
FB_12365511	FB	CF	12365511	gryffindorsqueen	First-Name Basis	7705
FB_12554336	FB	CF	12554336	TheSilverQueen	The Seven Days of Credence	11834
FB_12788679	FB	CF	12788679	dannissa	Shut up and drive	9952
FB_12808392	FB	CF	12808392	Descaladumidera	‘You are not alone.’	7928
FB_12825402	FB	CF	12825402	OrissC	Freedom and all the Expenses	7039
FB_12846105	FB	CF	12846105	shannsleeve	Fantastic Vignettes	5051
FB_12851298	FB	CF	12851298	Binary_Sunset	It's You I'll Fall For	6723
FB_12874254	FB	CF	12874254	Coffeegirl84	Advent calender Stories	7556
FB_12967728	FB	CF	12967728	lady_needless_litany	Operation Thorndike	8105
FB_13056315	FB	CF	13056315	duckiesinaline	Much Ado About Everything	5236
FB_13265949	FB	CF	13265949	grayroze	Just Say You’re in Love	8885
FB_13313622	FB	CF	13313622	almostannette	Hold My Soul	6955
FB_13333809	FB	CF	13333809	JoleneMarselis	Freak	17082
FB_13358952	FB	CF	13358952	lyonet	Until Story's End	16381
FB_13365807	FB	CF	13365807	Anonymous	Endure, and Fight On	8840
FB_13407591	FB	CF	13407591	eclecticanarchist	Turning Grand	10478
FB_13604286	FB	CF	13604286	scribacchina	revenant	9352
FB_13662171	FB	CF	13662171	jusrecht	Till It was a Battle Cry	5154
FB_13685235	FB	CF	13685235	dontyoudarestiles	pretty	5036
FB_13791684	FB	CF	13791684	petofi	The Care and Keeping of Percival Graves	10839
FB_14072769	FB	CF	14072769	Salina	Fantastic Beasts and Where They Went	10813
FB_14308404	FB	CF	14308404	Kaleido_dance	A good teacher	8076
FB_14357595	FB	CF	14357595	lilolilyrae	Friendly Fire	9559
FB_14379033	FB	CF	14379033	EnlightenedSt8sman	Tom and the Beauxbatons	12349
FB_14417154	FB	CF	14417154	mozbee	Neighbours	10816
FB_14433579	FB	CF	14433579	Daughter_of_Thranduil	Cosima Scamander and the Chamber of Secrets	6081
FB_14446209	FB	CF	14446209	LadyIrina	Declaration	5916
FB_14546547	FB	CF	14546547	gryffindorsqueen	A Close Friend	5611
FB_14580924	FB	CF	14580924	Descaladumidera	The Gift	5778
FB_14614509	FB	CF	14614509	bastilas	Sleep to Dream Away Time	7391
FB_14622000	FB	CF	14622000	LotusRox	Blues Are To Sing And Swallow	8155
FB_14657589	FB	CF	14657589	BeaSox	Cold Bones	9575
FB_14748530	FB	CF	14748530	RaiMagnolia	What am I Going to Do With You?	5437
FB_14818775	FB	CF	14818775	Bellarsam_Chrisjulittle	NewTina By Night	12877
FB_14826950	FB	CF	14826950	KatieHavok	The Second Sasquatch Rebellion	6357
FB_8595046	FB	CF	8595046	Sanna_Black_Slytherin	the memory of our friendship	5166
FB_8612125	FB	CF	8612125	orphan_account	Watching It Burn	18294
FB_8628700	FB	CF	8628700	theStarfly	An Ever-Fixed Death	5330
FB_8634775	FB	CF	8634775	Signe_chan	The one chance I had	5571
FB_8669305	FB	CF	8669305	writingramblr	Eternity In A Heartbeat	7822
FB_8680912	FB	CF	8680912	etrama	Magical Encounters	12855
FB_8684860	FB	CF	8684860	writerfan2013	The Thirty-seven Steps	14922
FB_8691700	FB	CF	8691700	Fantony	Don't smile at me like that	13733
FB_8693101	FB	CF	8693101	dragons_and_angels	Take A Step Back	8401
FB_8693206	FB	CF	8693206	Thomas_H_Bombadil	Incorrigible	13141
FB_8694736	FB	CF	8694736	Natecchi	The Wizard's Cat	15311
FB_8695339	FB	CF	8695339	ashleighjane	She Loved Him; Unconditionally	5380
FB_8710714	FB	CF	8710714	Smarieh (orphan_account)	The Osprey	15343
FB_8715037	FB	CF	8715037	Lindzzz	A Study on the Habits of the Adult Obscurial	16867
FB_8716384	FB	CF	8716384	15Acesplz	Always Together	12458
FB_8718547	FB	CF	8718547	SnowGivesMeVertigo	Periwinkle	9984
FB_8725624	FB	CF	8725624	TheArpil_MiyukiTanji1826	Fantastic Newt and Where To Find Lottie	17554
FB_8743393	FB	CF	8743393	spunknbite	Giggle Water	7098
FB_8748019	FB	CF	8748019	GeneralHux	Oh, You Pretty Thing	7502
FB_8756827	FB	CF	8756827	Doceo_Percepto	Every Beast Has Its Home	7552
FB_8764333	FB	CF	8764333	snarry_splitpea	On Forest Floor, My Fawn	6029
FB_8775997	FB	CF	8775997	Loufok	Fantastic Beasts Network [english version]	8237
FB_8789068	FB	CF	8789068	ApurricatingCat	Of cats	12208
FB_8802358	FB	CF	8802358	The_Forgotten_Nobody	Just A Fwubbing Thing	7591
FB_8809828	FB	CF	8809828	IAmTheGoatMaster	Bonded.	10440
FB_8814958	FB	CF	8814958	AlinasTeaParty	Taking Credence to Diagon Alley	11255
FB_8815297	FB	CF	8815297	chiefenjolras	He Had Not The Luxury	6673
FB_8816929	FB	CF	8816929	dragons_and_angels	Payment	5213
FB_8817454	FB	CF	8817454	Neverletgo89	Heart of Stone	5063
FB_8826640	FB	CF	8826640	chaoticlogic	Nevermore	5533
FB_8826676	FB	CF	8826676	ThatEvergreenGirl	Friends with oneself	11014
FB_8828227	FB	CF	8828227	Oneroika_Lunae	A knight in a bright blue coat	15474
FB_8831923	FB	CF	8831923	mearchuimhne	Disguise, I see thou art a wickedness	11611
FB_8854672	FB	CF	8854672	ChangeTheCircumstances	Unconsolable	9809
FB_8889700	FB	CF	8889700	ottertrashpalace	I dream her dreams	5326
FB_8907502	FB	CF	8907502	That_stupid_girl	Bring Me Heartache	7333
FB_8912653	FB	CF	8912653	hallaratthemoon (orphan_account)	Newt Scamander Reader-Inserts	6641
FB_8916415	FB	CF	8916415	MerryLilHobbit	Thread By Thread	6904
FB_8918257	FB	CF	8918257	Saentorine	Without So Much of a Flick of a Wand	5105
FB_8920888	FB	CF	8920888	lyonet	Constant Vigilance (Both Eyes Open)	6055
FB_8947381	FB	CF	8947381	queenjameskirk	We're Only Good For The Latest Trends	12842
FB_8975332	FB	CF	8975332	Captain_Mercurian	The reddest flag ever raised	13111
FB_9037532	FB	CF	9037532	superagentwolf	Magnificent (Instrumental)	11473
FB_9103285	FB	CF	9103285	Assets135	Tea and Coffee	9850
FB_9104467	FB	CF	9104467	esama	Tumbling fbawtft	13271
FB_9134674	FB	CF	9134674	Thomas_H_Bombadil	The Stranger	9690
FB_9152509	FB	CF	9152509	starwrite_er	Daring	7531
FB_9180304	FB	CF	9180304	weatheredlaw	carry what you can	12487
FB_9181243	FB	CF	9181243	lilithduvare	The Eros of Magic	12996
FB_9190532	FB	CF	9190532	facelessoldwoman	In Estrus	10497
FB_9203657	FB	CF	9203657	classicasshole	Aftermath	8722
FB_9219431	FB	CF	9219431	NeverAndAlways	How I love you, how I love you	8675
FB_9302078	FB	CF	9302078	Natecchi	Codename: Lili	5190
FB_9302402	FB	CF	9302402	classicasshole	I love my love	14459
FB_9314729	FB	CF	9314729	L_M_Biggs	Deserving of Love	7324
FB_9320978	FB	CF	9320978	xox_cathy_love	A Little Jingle	5921
FB_9322685	FB	CF	9322685	gold_pebble	The Cursed Bitch	11650
FB_9339902	FB	CF	9339902	flightinflame	Opportunity makes the Thief	6805
FB_9380378	FB	CF	9380378	tastewithouttalent	Spellbound	9159
FB_9383372	FB	CF	9383372	harperhug	I Used To Live Alone Before I Knew You	5036
FB_9395027	FB	CF	9395027	LoveLetterPolaroids	Praying for a home in your arms	9852
FB_9417650	FB	CF	9417650	Truetomorrow	Hurt whilst you can	6900
FB_9423494	FB	CF	9423494	snarry_splitpea	A Little Shook Up	8071
FB_9445562	FB	CF	9445562	DraconicSeraphim	Intruders	5455
FB_9480893	FB	CF	9480893	Nami	You're interesting	7646
FB_9494510	FB	CF	9494510	prosodiical	Masquerade	10374
FB_9550832	FB	CF	9550832	lyonet	They Aren't Dangerous (Until They Are)	6777
FB_9552590	FB	CF	9552590	IamSoUnpredictable	Do I live only for suffering?	8453
FB_9557984	FB	CF	9557984	Inzey	The ending is the same every damn time	9027
FB_9587102	FB	CF	9587102	SolarMorrigan	Detectable Extensions	9283
FB_9602051	FB	CF	9602051	magnificentmoose	too much smoke	5909
FB_9608468	FB	CF	9608468	jeahtastic	Shooting Stars, Falling Objects	19490
FB_9614909	FB	CF	9614909	imagaypotatoe	Treasures are Discovered By Those That Pursue Them	16353
FB_9627731	FB	CF	9627731	Slayer_of_Destiny	A Love That Transcends Time	8136
FB_9667736	FB	CF	9667736	Miss_Lv	Sharing Is Caring	6020
FB_9683291	FB	CF	9683291	RosVailintin	Schrei	11742
FB_9707159	FB	CF	9707159	Diggy	the Peruvian Vipertooth	6471
FB_9726596	FB	CF	9726596	DiamondbackMako16	Jacob's Grimm World	9791
FB_9770012	FB	CF	9770012	alamorn	bare-stript heart	5016
FB_9860450	FB	CF	9860450	adrift_me	In The Spotlight	5748
GOT_1004090	GOT	HF	1004090	averita	Comment Fic and Ficlets	5952
GOT_10185635	GOT	HF	10185635	Twilightbrightstar	No One Asks for Their Life to Change (But It Does)	6072
GOT_10221719	GOT	HF	10221719	smaragaide	Truth	6441
GOT_10223930	GOT	HF	10223930	So_Many_Feelings	Coffee Break	6217
GOT_10691862	GOT	HF	10691862	vivilove	The Showgirl & the Pit Boss	13194
GOT_10929030	GOT	HF	10929030	Sarah_Black	The Accident	6673
GOT_10932006	GOT	HF	10932006	siriuslydraco	The Love of a Lady	15750
GOT_10934709	GOT	HF	10934709	TheCookieOfDoom	Family Reunions	11433
GOT_10990782	GOT	HF	10990782	willowoftheriver	my tomb will be a stage where great cities rise	7269
GOT_11045343	GOT	HF	11045343	TheCookieOfDoom	Pretty As A Painting	13538
GOT_11076564	GOT	HF	11076564	Raddtaire	Thunder and Lightening	7211
GOT_11083344	GOT	HF	11083344	tran_quill	The lady and the beast	14293
GOT_1131347	GOT	HF	1131347	auroreanrave	You Have All The Weapons You Need	8783
GOT_1134524	GOT	HF	1134524	Sansastarklives	The Runaways	7931
GOT_11366163	GOT	HF	11366163	Dialux	you were born with a word on your tongue	13732
GOT_11477829	GOT	HF	11477829	geekprincess26	Four Weddings and a Blizzard	16651
GOT_11489583	GOT	HF	11489583	Loyal_To_Castiel	Take Me To Godswood	7512
GOT_11495529	GOT	HF	11495529	LadyMD	How a Stark Endures.	6525
GOT_1150331	GOT	HF	1150331	preraphhobbit	Across the Sunset Sea	7109
GOT_11531043	GOT	HF	11531043	LadySeaSauvage	Collateral Damage	12139
GOT_11545893	GOT	HF	11545893	LadyMD	Ars Longa, Vita Brevis	10443
GOT_11568732	GOT	HF	11568732	Veridissima	Finally Meeting	5815
GOT_11683116	GOT	HF	11683116	Flayedprincess	A Rose In Winter	5337
GOT_11700570	GOT	HF	11700570	dreadwulf	Terrible Love	16512
GOT_11702454	GOT	HF	11702454	TheBeautyOfTarth	The Stranger	15200
GOT_11753535	GOT	HF	11753535	iKnowTheWay	A True Name	19635
GOT_11789832	GOT	HF	11789832	petyrbaelishking	Hurricane	10533
GOT_11841330	GOT	HF	11841330	ChangeTheCircumstances	The Woman with the Broken Neck and the Pink Dress	8626
GOT_11847225	GOT	HF	11847225	AryaSnow	From the Lands of Ice and Fire	11568
GOT_11853006	GOT	HF	11853006	elainebarrish	all the broken glass sparkling	5454
GOT_11901300	GOT	HF	11901300	tinywriter81	Wicked Game	5649
GOT_11909412	GOT	HF	11909412	OnlyInAutumn	Collide	10740
GOT_11940579	GOT	HF	11940579	theonsfavouritetoy	Honour and Wantonness	16885
GOT_11959188	GOT	HF	11959188	Red_berry_7	As promised	8945
GOT_12037041	GOT	HF	12037041	thecatonlyknows	more than a creeping thing	8071
GOT_12088152	GOT	HF	12088152	vslayer999	Scars	5690
GOT_12287127	GOT	HF	12287127	roseweasley	as soft and silent as memory	5085
GOT_12288342	GOT	HF	12288342	RunningRedRiot	In Winter's Grasp	8843
GOT_12329703	GOT	HF	12329703	Janina	Who's Afraid of Jon Snow?	7559
GOT_12361116	GOT	HF	12361116	Shanaya91	Lion's love	7634
GOT_1238404	GOT	HF	1238404	Laurel_Lilium	The Hereafter	10379
GOT_12404412	GOT	HF	12404412	LilacDove	The Last Days of Summer	5594
GOT_12489040	GOT	HF	12489040	lazy_bird	Lips That Dared Not Speak Its Name	11390
GOT_12507052	GOT	HF	12507052	novera_nope	Golden hands	15441
GOT_13098417	GOT	HF	13098417	Aerion_Veryzes	The Hidden Dragon	18787
GOT_13323564	GOT	HF	13323564	Nabila	Love is not meant to be hidden	5469
GOT_13381458	GOT	HF	13381458	Mis_Shapes	You're used to being told that you're trouble	6200
GOT_13438761	GOT	HF	13438761	Redlux	A River of Blood	5316
GOT_13439613	GOT	HF	13439613	Samarkand12	Writ Small	6030
GOT_13492218	GOT	HF	13492218	luckandillusions	The Crown	5760
GOT_13553250	GOT	HF	13553250	ANocturnalCow212	Union of the Divine	9042
GOT_13563387	GOT	HF	13563387	PiwakawakaOz	Away From That Lot	12296
GOT_13643676	GOT	HF	13643676	robbaery	I'm Crazy for You	10549
GOT_13689579	GOT	HF	13689579	JanessaWolfSoul	Touchable Flames (Sandor/OFC)	16007
GOT_13774104	GOT	HF	13774104	freakydeakykhaleesi	Lorry the Crustacean	6016
GOT_13778199	GOT	HF	13778199	framboise	Soft, soft, slow	14547
GOT_1380988	GOT	HF	1380988	BillieTheKid	Those Brown Eyes	8722
GOT_13824054	GOT	HF	13824054	Kristilove	Love in Doses	11566
GOT_13878780	GOT	HF	13878780	graceverse	this sudden inexplicable madness	6174
GOT_13915761	GOT	HF	13915761	Kmaxwell1997	The Real Battle	13503
GOT_13969572	GOT	HF	13969572	framboise	Just a casual, temporary, thing	18787
GOT_1417746	GOT	HF	1417746	Genkai	Reputation of Deception	8678
GOT_14256564	GOT	HF	14256564	HouseGameOfPotter	Under The Table	5564
GOT_14339841	GOT	HF	14339841	Joan_of_Arc	And now it ends ...	11514
GOT_14374461	GOT	HF	14374461	jenoftarth	Camp Westeros	13929
GOT_14492649	GOT	HF	14492649	animalnitrate	White Light/White Heat	8383
GOT_14635287	GOT	HF	14635287	mimiofthemalfoys	Tin, Paper, Snow	17752
GOT_14685618	GOT	HF	14685618	northbound	Fallen From Heaven (Raised Out of Hell)	7284
GOT_14806005	GOT	HF	14806005	MaxBetta	Lost and Found	6104
GOT_14880212	GOT	HF	14880212	MissEmmanuelle	The Debt	5670
GOT_14996711	GOT	HF	14996711	Hollandoodle	The Meanings Of Flowers	5679
GOT_15012092	GOT	HF	15012092	Shelby46	Deep in the Heart of a Lone Star Lady - Jonsa Historical AU Texas 1800's	11258
GOT_15024989	GOT	HF	15024989	moonlittides	Where Will We Go?	6769
GOT_15035690	GOT	HF	15035690	BySpaceByTime	Bondage	11246
GOT_1539677	GOT	HF	1539677	InnerWorkings94Imagines	The Unknown	7889
GOT_1557383	GOT	HF	1557383	fleetingmusings	Through His Lens	9993
GOT_1612538	GOT	HF	1612538	mllevangogh	What Is Dead May Never Die	5779
GOT_1621829	GOT	HF	1621829	isasolan	Of Dornish Sun and Dragons	5313
GOT_1650032	GOT	HF	1650032	TrivialPursuit	You Want a Better Story	5243
GOT_1673933	GOT	HF	1673933	Joan_of_Arc	A Vision and a Mission	17922
GOT_1699694	GOT	HF	1699694	Redheadclover	The Tale of a Dressmaker Named Stark	13783
GOT_1778137	GOT	HF	1778137	downlookingup	I'm Praying For A Miracle (But I Won't Hold My Breath)	5796
GOT_1813351	GOT	HF	1813351	janie_tangerine	take me down to the paradise city (won't you please take me home)	7119
GOT_1851913	GOT	HF	1851913	alaynes	In All Its Forms	14039
GOT_1857018	GOT	HF	1857018	Kereea	Sheep in Wolf's Clothing	9992
GOT_1870521	GOT	HF	1870521	Greeneyesthickthighs	Who I Might`ve Been	5897
GOT_1887453	GOT	HF	1887453	illiadus	You Skate Or You Die, Dude.	13069
GOT_1888374	GOT	HF	1888374	SomeEnchantedEve	The angels fly around in there but we can't see them	7806
GOT_1951719	GOT	HF	1951719	DuschaPendragon	All Monster's Have A Home	11937
GOT_1986243	GOT	HF	1986243	TheDoctorin221b	Casterly R.O.C.K.	6621
GOT_2086983	GOT	HF	2086983	Kereea	I'll Be Your Ocean	7721
GOT_2221083	GOT	HF	2221083	ygrittebardots	the long way home	6183
GOT_2254995	GOT	HF	2254995	Ashesintheair	Silver Screen	6199
GOT_2266857	GOT	HF	2266857	Sokorra	A Spring Path	9808
GOT_2272593	GOT	HF	2272593	Deathtouch	Beneath The Dreadfort	6031
GOT_2303990	GOT	HF	2303990	Lady_Winterrose	When the winter comes	5788
GOT_2331488	GOT	HF	2331488	Madara_Nycteris	Snowflower	11172
GOT_2590838	GOT	HF	2590838	Book_of_Kells	All Through The Night	5372
GOT_270462	GOT	HF	270462	honey_wheeler	the place you call home	15388
GOT_276559	GOT	HF	276559	ivanolix	Black Lions	5701
GOT_292592	GOT	HF	292592	Oshun	It’s Always Summer in the Songs	5496
GOT_3181649	GOT	HF	3181649	the3rdbrother	I DON'T WANT HIM!	13904
GOT_3223079	GOT	HF	3223079	luculias	I Fell Into The Water, Now I’m Free	5277
GOT_3299156	GOT	HF	3299156	The_Shattered_Angel	I don't want to admit that we're not gonna fit	6008
GOT_3394022	GOT	HF	3394022	Dragon_verse17	“As Long As You’re Mine”	7257
GOT_3504062	GOT	HF	3504062	acrimonyofkings	Opportunities Arise	9798
GOT_37745	GOT	HF	37745	lodessa	Temptations of the Flesh	8098
GOT_3879220	GOT	HF	3879220	theatremusicbookworm	Game of the Walking Dead	5144
GOT_4075723	GOT	HF	4075723	lunar47	Don't Tell Me This Is How We Play the Game	6020
GOT_4100347	GOT	HF	4100347	ZipZap3	How To Rule A Country	7154
GOT_4236123	GOT	HF	4236123	chloemagea	Thoughts of the Dog	16871
GOT_4303230	GOT	HF	4303230	TheCakeConundrum (orphan_account)	A Song of Birds (and loyal hounds)	16556
GOT_4318938	GOT	HF	4318938	amidtheflowers	Nine	9141
GOT_432740	GOT	HF	432740	startwithsparks	Whispering	5288
GOT_4331922	GOT	HF	4331922	MaryStuarts (morganadepoitiers)	ever since the day we died	6674
GOT_4472126	GOT	HF	4472126	madisonlovesmakeup	Hot For Teacher	6551
GOT_4538466	GOT	HF	4538466	epicmotherfuckerx	Cool for The Summer	7774
GOT_4554582	GOT	HF	4554582	Veridissima	Shenanigans in Space Always Have Consequences	8896
GOT_4558020	GOT	HF	4558020	TheSweetestThing	Sing to me sweetly	5067
GOT_4559664	GOT	HF	4559664	vyrtaholic	Happenstance.	10569
GOT_4594557	GOT	HF	4594557	serenesiren	Vehemence	8924
GOT_4606653	GOT	HF	4606653	Lady_Blade_WarAngel	Don’t Take Bets That You Can’t Win. (Unless Everyone Can Win)	5080
GOT_4619526	GOT	HF	4619526	vanillacoconuts	By the Water	5488
GOT_4662810	GOT	HF	4662810	AlbaAdler	Impossible Things	5060
GOT_4895644	GOT	HF	4895644	DuchessElvire	Love, Decidedly	10124
GOT_4913290	GOT	HF	4913290	ClaireVioletThorpe	The Quintessential Teen Drama (Tales for October)	14708
GOT_4953082	GOT	HF	4953082	WackyGoofball	Golden Possibility	5069
GOT_5012170	GOT	HF	5012170	orphan_account	Maybe If I Leave Tonight I Won't Come Back	8924
GOT_5029219	GOT	HF	5029219	Captain_Hazard	Ideas of Ice and Fire	12990
GOT_5234747	GOT	HF	5234747	3rdstarksistr	On Pain of Guilt	5616
GOT_5702788	GOT	HF	5702788	dirksandor	WOOING THE HOUND?!	6687
GOT_5713900	GOT	HF	5713900	Northern_Lady	Close To You	8539
GOT_572661	GOT	HF	572661	Dalankar	On the Wings of Dragons: A Tale of Love and War	11302
GOT_5806612	GOT	HF	5806612	TheChuckles	A Storm of Walkers	5998
GOT_5834221	GOT	HF	5834221	solitariusvirtus	Where The Crossroads Meet	9383
GOT_5878297	GOT	HF	5878297	fields_of_falafel	Femslash February 2016	13069
GOT_6006607	GOT	HF	6006607	Diary	Indulgences and Prods of Pain	5669
GOT_6048280	GOT	HF	6048280	teamdemonmonkey	Something I Need	17844
GOT_613100	GOT	HF	613100	prequels	bones	8107
GOT_6148257	GOT	HF	6148257	AsbestosMouth	The Mysterious Affair at Dorne	17344
GOT_6167807	GOT	HF	6167807	Rare_Shipper	The Viper's Victory With The Wolf	8191
GOT_6250183	GOT	HF	6250183	ElizaRocks9902	The Past That Needs Remembered	9915
GOT_6316831	GOT	HF	6316831	orphan_account	The One	5042
GOT_6360301	GOT	HF	6360301	GhostyGhosty	Home Run	13507
GOT_648602	GOT	HF	648602	janie_tangerine	various Robb/Theon comment fics	6850
GOT_6599347	GOT	HF	6599347	LuxEvergreen	West Country Whipping Knot	10027
GOT_664425	GOT	HF	664425	amaranth9	The Spine of Your Body and Its Bones	5483
GOT_6765694	GOT	HF	6765694	Jillypups	Scout's Honor	5309
GOT_6802396	GOT	HF	6802396	orphan_account	I Know We Get a Little Crazy [And I Know We Get a Little Loud]	5783
GOT_7063549	GOT	HF	7063549	MelodyMay	The Princess and The Pauper	7143
GOT_7080523	GOT	HF	7080523	TotemundTabu	We are shaped by the light we let through us	11098
GOT_7270357	GOT	HF	7270357	grayglube	The Fair Wrought House Has Fallen	13345
GOT_7280527	GOT	HF	7280527	witchguy1993	Avengers and Harry Potter Crossover	14404
GOT_728670	GOT	HF	728670	melikaioke	She Won't Regret It	10934
GOT_7317220	GOT	HF	7317220	casstayinmyass	I Am His, He Is Mine	5557
GOT_7336516	GOT	HF	7336516	CaptainTarthister	Ten Years Later	9536
GOT_7345453	GOT	HF	7345453	FrozenSnares	The Lady in the Tower	5450
GOT_7346590	GOT	HF	7346590	Aaniat	Winter	5194
GOT_7460322	GOT	HF	7460322	orphan_account	Even When You're Just Standing There You Take Away My Breath	7333
GOT_7506676	GOT	HF	7506676	slipsthrufingers	Sackcloth and Ashes	7553
GOT_7506796	GOT	HF	7506796	Wraithlord1476	The Wolf of Winterfell	8688
GOT_7507159	GOT	HF	7507159	redandbluebowties	According to the Syllabus	8293
GOT_760621	GOT	HF	760621	EnglandsDreaming	No Bravery	10068
GOT_7672849	GOT	HF	7672849	AnnaCipactli12	A Mother's Love is Closest to Eternal Torment	13818
GOT_768372	GOT	HF	768372	KylaBosch	Promise Me	5449
GOT_7703788	GOT	HF	7703788	sieghart	Set A Signal Fire	6111
GOT_7723069	GOT	HF	7723069	lisbei	Maybe today	6733
GOT_7742104	GOT	HF	7742104	theaa	Maps (they don't love you like i love you)	10668
GOT_774255	GOT	HF	774255	xylodemon	And Now My Watch Begins	5383
GOT_7764022	GOT	HF	7764022	ReneeSnow1	A Brother's Love	7433
GOT_7779241	GOT	HF	7779241	cherrylove	Survival of the Fittest	11202
GOT_7809049	GOT	HF	7809049	Fanfic_Lover_9	Paradox II	13641
GOT_7885543	GOT	HF	7885543	aznmuscles	Rise of Dragons	15708
GOT_7929955	GOT	HF	7929955	JuniorWoofles	To Have a Home	6196
GOT_7979872	GOT	HF	7979872	Rhaenys (orphan_account)	help me turn a blind eye (days and nights we lost to weakness)	7609
GOT_8017231	GOT	HF	8017231	AsbestosMouth	Raided	5507
GOT_8034130	GOT	HF	8034130	expected_aberrance	A World Lit Only By Fire	12391
GOT_817287	GOT	HF	817287	weasleytwins	Outrun my bullets	5144
GOT_8237051	GOT	HF	8237051	CaptainTarthister	The Path to Heartbreak	11367
GOT_826645	GOT	HF	826645	JeanJacquesFrancois	One Rose For Another	14445
GOT_8407111	GOT	HF	8407111	wheel_pen	Game of Thrones	8640
GOT_8822023	GOT	HF	8822023	AnnaCipactli12	Luminous Beings are We	9441
GOT_8918605	GOT	HF	8918605	LadyHampton	Winter Rose	12090
GOT_896934	GOT	HF	896934	ohmytheon	The Long Night	19354
GOT_897688	GOT	HF	897688	Myrielle (orphan_account)	The Kingslayer and the Maiden Fair	6957
GOT_9070888	GOT	HF	9070888	TheStraggletag	Game of Thorns	8605
GOT_9101386	GOT	HF	9101386	FloodFeSTeR	I Should Live In Salt	7603
GOT_9141937	GOT	HF	9141937	GumTree	Checking Twice	13467
GOT_917777	GOT	HF	917777	aSouthronLady	It's The Most Wonderful Time of the Year.	5092
GOT_920129	GOT	HF	920129	Winchester_Werewolf	With a Lion's Heart	15300
GOT_9286316	GOT	HF	9286316	heart_nouveau	unfinished ASOIAF AUs	12692
GOT_935701	GOT	HF	935701	Ias	The Last Snows Of Summer	7411
GOT_9435716	GOT	HF	9435716	KaisaSegher	The Right Name	9765
GOT_966856	GOT	HF	966856	flybbfly	it takes an ocean not to break	6073
GOT_9696572	GOT	HF	9696572	Dialux	do you know what it is like to be sold?	13970
GOT_9771026	GOT	HF	9771026	LuxEvergreen	Everyone Craves A Hug	7617
GOT_980403	GOT	HF	980403	startwithsparks	The Memory Still Holds True	7589
GOT_9848879	GOT	HF	9848879	starbrigid	The Ghost of the Eyrie	12941
GOT_9865013	GOT	HF	9865013	DarkGlowingLight	The Young Griff, The Bull and The Lion Princess	15568
GOT_994612	GOT	HF	994612	IaMcHrIsSi	Life is a riddle	5529
HP_10027361	HP	CF	10027361	HPFandom_archivist	Rock & Roll Dreams	10492
HP_10038515	HP	CF	10038515	Taran40	The Mess	5170
HP_10050521	HP	CF	10050521	HPFandom_archivist	Fire and Ebony	5931
HP_10064060	HP	CF	10064060	HPFandom_archivist	Time Has a Way of Changing Things	8140
HP_100657	HP	CF	100657	SailorSol	Foundations	16919
HP_10096823	HP	CF	10096823	HPFandom_archivist	A Chance to be Happy	14493
HP_10365444	HP	CF	10365444	Hawklan	England, here I come	10969
HP_1047439	HP	CF	1047439	Spellmugwump	We'll Be Okay, Kid	10237
HP_10551098	HP	CF	10551098	The_Dark_Lord_Voldy	When They Were Young	5788
HP_10653969	HP	CF	10653969	QuietBubbles	Hunky Dory-Changes	5001
HP_10672281	HP	CF	10672281	donnarafiki	Father	7608
HP_10789632	HP	CF	10789632	thequidditchpitch_archivist	In Omnibus, Fratris	7810
HP_10807422	HP	CF	10807422	thequidditchpitch_archivist	Vox	13307
HP_10808499	HP	CF	10808499	thequidditchpitch_archivist	Growing Season	7464
HP_10831692	HP	CF	10831692	TheFantabulousPandemonium	Rise Up (Like Gold)	7241
HP_1087194	HP	CF	1087194	aliengirlguy	The Boy and the World	6508
HP_10935189	HP	CF	10935189	seasonsgredence	Cat and Mouse	8684
HP_1097340	HP	CF	1097340	GothicLolita009	Saving Grace	18788
HP_11035764	HP	CF	11035764	VCCV	Triad	12535
HP_11172972	HP	CF	11172972	molmcmahon	Enchanted	16391
HP_11175426	HP	CF	11175426	elanev91	Stop Flirting with the Talent	12512
HP_11295801	HP	CF	11295801	Barry_Manilows_Wardrobe	Will You Stand Above Me?	16724
HP_11370090	HP	CF	11370090	smilestoyou	A Lifetime of Friendship	13258
HP_11409750	HP	CF	11409750	Silver Lioness (Rumpels_Darker_Dearie)	Evil Is Too Strong A Word	6950
HP_1153445	HP	CF	1153445	WhatDoYouMeanIWrite (therealsassyclh)	Slow Down, Time	5162
HP_1162542	HP	CF	1162542	forest_of_dean_winchester	A Bit of Rubble	10848
HP_11656008	HP	CF	11656008	Robot_From_The_Future	Worse Things Than Wolves	5789
HP_11739645	HP	CF	11739645	DorthyAnn (JenniferMarie)	Stealing Sweaters	12982
HP_11836782	HP	CF	11836782	rightsidethru	Mantle of Green & Crown of Silver	5572
HP_11873316	HP	CF	11873316	goodbyechunkylemonmilk	why does the sun rise in the morning? why do magnets stick together? because everybody says so. everybody.	5822
HP_11906232	HP	CF	11906232	Applepie	We Drift Freely Onwards	17074
HP_11931195	HP	CF	11931195	EggyAndBacon	Change of Plans	10964
HP_11966274	HP	CF	11966274	shoeberray	The Art of Self-Preservation	13023
HP_12008103	HP	CF	12008103	Sploodington	The Quad-Wizard Tournament	5485
HP_12086856	HP	CF	12086856	Applepie3399	Fatherhood Suits Draco Malfoy	5652
HP_12135204	HP	CF	12135204	allthegoodnamesaretakendammit	The Once and Future Headmaster	17705
HP_12142122	HP	CF	12142122	frostedgoddess	The Captivating Case of Percy’s Imaginary Date	5794
HP_12177237	HP	CF	12177237	Frankiesaurs	Chasing the Auguary	11601
HP_12270822	HP	CF	12270822	Viridian Pen (DaronwyK)	Another Way	9636
HP_12311892	HP	CF	12311892	sasharyder	Dear Girl	5328
HP_12422916	HP	CF	12422916	lustisbliss	And If They Ask If I Love You, I'd Lie	5744
HP_12506448	HP	CF	12506448	laugh416	Time Turner Child (Fred Weasley X OC)	5028
HP_12508588	HP	CF	12508588	NeuroticNeko	Shadows Rising	16929
HP_12508684	HP	CF	12508684	unknowableroom_archivist	Doors	6099
HP_12580264	HP	CF	12580264	inspiritedmama	Gwyrdd Arwar - Book the Fourth	6317
HP_12611812	HP	CF	12611812	starwhale	You'd Always Want to Come Back	9917
HP_12648834	HP	CF	12648834	unadulteratedstorycollector	No One But You	10995
HP_12774177	HP	CF	12774177	Dratter (Ragdoll_llodgaR)	Golden Trio? Edit: Golden Triad	5174
HP_12774867	HP	CF	12774867	cheddarbug	The Bittersweet Life of Alexia Finch (Year Three)	17778
HP_12835626	HP	CF	12835626	flamethrower	Of a Linear Circle - Part IV - Not Mercy Nor Pity	6028
HP_12925410	HP	CF	12925410	Earth_Phoenix	Twice The Fool	8280
HP_12972555	HP	CF	12972555	tinymiko	The Dark Lord Clause	6285
HP_13002492	HP	CF	13002492	Raksha23	Second time around	14004
HP_13082103	HP	CF	13082103	tamerofdarkstars	Catch Your Breath (And Maybe Mine While You're at It)	14540
HP_13169511	HP	CF	13169511	In_Dreams	Stargazing	9390
HP_13225635	HP	CF	13225635	codex213	Parenting for Beginners	10175
HP_13308633	HP	CF	13308633	Eveilae	Roadrunner	19335
HP_1342384	HP	CF	1342384	TheWaylandSmith	The Devil's Dance	6197
HP_13529943	HP	CF	13529943	convexity	Sucking Lemons	6277
HP_13648899	HP	CF	13648899	Seefin	A Life In Your Shape	7711
HP_13665906	HP	CF	13665906	stephsnape99	Call Me Hopeless, but not Romantic	6430
HP_13839222	HP	CF	13839222	RileyLillianPotter	The Daughter of Two Legends	8114
HP_13850526	HP	CF	13850526	AriGoddessofNight17	Mark My Words	6508
HP_13856961	HP	CF	13856961	Mrs_Ginny_Potter	Harry Potter & The Soulbond Promise	10378
HP_1389805	HP	CF	1389805	HollowedSorrow	Death Only Brings Us Closer	5543
HP_13929054	HP	CF	13929054	Emriel	Beloved Memory	12973
HP_14025942	HP	CF	14025942	partofforever (edvic)	The scent of summer on your skin	5612
HP_14154777	HP	CF	14154777	NonchalantxFish	Quicksilver Thorns	13919
HP_14164536	HP	CF	14164536	KingHarryI	King Harry I	6803
HP_14256819	HP	CF	14256819	Accio_Me	Random One-Shots	11233
HP_14342283	HP	CF	14342283	WaitTilMyFatherHearsAboutThis	Harry	5164
HP_14344284	HP	CF	14344284	Lomonaaeren	Fire and Gold	8504
HP_14381433	HP	CF	14381433	Antuhsa	Green	17365
HP_14474973	HP	CF	14474973	donnarafiki	The Art Of Self Care	6634
HP_14493567	HP	CF	14493567	SleepingMoon86	The Lovegood Letters	6619
HP_14611239	HP	CF	14611239	williamsherlockscottholmes	The North Sea	11646
HP_14618994	HP	CF	14618994	magpie_fngrl	Sometimes a man needs	5500
HP_14629509	HP	CF	14629509	TonyJC	Flusters and Trysts	10335
HP_14714540	HP	CF	14714540	JBankai89	In Fate's Hands	17029
HP_14750633	HP	CF	14750633	mmjgwrites	Comic-Con Thirst	5735
HP_14820626	HP	CF	14820626	darlingfreckles	Rebuilding What Was Lost	7281
HP_14852078	HP	CF	14852078	spinachpufffs	Son of a Death Eater	6109
HP_15017381	HP	CF	15017381	Apalapucian	Time Lapse	18970
HP_15037517	HP	CF	15037517	FrankieSpitfire	Of Withered Leaves and The Blessed Dark	11550
HP_1535321	HP	CF	1535321	TigerShark	Laying a Foundation	17671
HP_155537	HP	CF	155537	Laural	Boys Keep Swinging	6163
HP_1561427	HP	CF	1561427	containedmultitudes	Before the Fall	10145
HP_164026	HP	CF	164026	gestaltrose	We're Not in Kansas Anymore	19303
HP_1663355	HP	CF	1663355	pommedeplume	Sort of Friends and Lovers [fic + podfic]	9824
HP_1924062	HP	CF	1924062	aforgetfulgirl	Five Stories Over Four Years - The Jam Instances	5104
HP_1965009	HP	CF	1965009	leontina (Leontina)	Anarchist Heart	12344
HP_2061552	HP	CF	2061552	Mohini	Keeping Secrets	9339
HP_2143689	HP	CF	2143689	Saerry Snape (Terion)	Acacias and Willows	5588
HP_2147307	HP	CF	2147307	Rasdra	Black Light	5505
HP_217891	HP	CF	217891	Res	All I Want for Christmas	5464
HP_219284	HP	CF	219284	DeathjunkE	Discipline	6452
HP_2236155	HP	CF	2236155	SmokeGetsInYourEyes	Alone We Would Fall	8013
HP_229930	HP	CF	229930	silvernatasha	The Language of Flowers	5223
HP_2317835	HP	CF	2317835	austinachievers	The Underdogs	7037
HP_2347022	HP	CF	2347022	Proud Rose (The_Author)	The Keeper in the Field	6325
HP_235494	HP	CF	235494	oudeteron	Pieces of Times Long Past	5274
HP_262240	HP	CF	262240	Zireael07	Dark Magic	10181
HP_2640902	HP	CF	2640902	Pseudonymous_Entity	Very Bad Boys	11735
HP_2702156	HP	CF	2702156	savya398	My Dad the Genius, Billionaire, Playboy	12464
HP_2792486	HP	CF	2792486	ap_aelfwine	A Party for Hermione	17658
HP_287750	HP	CF	287750	celestineangel	The Uncertainty of Light	6338
HP_305968	HP	CF	305968	Musyc	Partners	7411
HP_3101549	HP	CF	3101549	orphan_account	Hourglass Soulmates	6055
HP_347143	HP	CF	347143	Quillandwand	Bottle lust, brew affection, even stopper love	8349
HP_3536309	HP	CF	3536309	SociiallyDiisoriiented	[hiatus]	13173
HP_3636717	HP	CF	3636717	BoyWhoRunsWithWolves	A Step to the Left	13848
HP_364515	HP	CF	364515	AlbaLark	Can't Buy Me Love	5842
HP_3761881	HP	CF	3761881	Suzann89x	Mistletoe	6199
HP_381831	HP	CF	381831	marksmom	Finding A Way	11687
HP_3838039	HP	CF	3838039	JulietsEmoPhase	Once Upon An East End	9416
HP_3869419	HP	CF	3869419	fishydwarrows	Green and Yellow Make an Odd Pair	6389
HP_4115824	HP	CF	4115824	Tshilaba	Wisdom is Birthed from Discord	6141
HP_4121434	HP	CF	4121434	Starchains	How Harry Became Xanxus' Babysitter	12353
HP_4145643	HP	CF	4145643	alafaye	How Draco Malfoy Saved the World	9560
HP_4244370	HP	CF	4244370	cookie62843	Mischievous Maps, Moons, & Marauders: [Year One]	17539
HP_4333685	HP	CF	4333685	Saquira	Finding Your Way	8919
HP_451874	HP	CF	451874	rightonthelimit	Highway Unicorn	5763
HP_458060	HP	CF	458060	Abby_Ebon	Unfurling Black Wings	8142
HP_480405	HP	CF	480405	BrightneeBee	Paralyzed	5905
HP_4854578	HP	CF	4854578	SPowell	Full Circle	14077
HP_4907029	HP	CF	4907029	antoinettedarling	Smashed Potions	5381
HP_4980436	HP	CF	4980436	marleywrites	Stuck Between Right & Easy	6723
HP_4990360	HP	CF	4990360	Eye_Greater_Than_Three	Shine Bright	10246
HP_5017867	HP	CF	5017867	He_Who_is_Me	The Voices in My Head	6150
HP_5112554	HP	CF	5112554	LuneSpark9	The Second Gen and the Slytherin's Rebellion	9130
HP_5128760	HP	CF	5128760	Squibalicious	A Letter to Three Hogwart's Wives	7145
HP_5150174	HP	CF	5150174	playout	The Best Laid Plans	6632
HP_5164889	HP	CF	5164889	dustbunnyprophet	Intersections	6584
HP_5343128	HP	CF	5343128	Pie (potteresque_ire)	Kissed	12230
HP_5356241	HP	CF	5356241	Tsume_Yuki	Flecks of Rust	6926
HP_5438210	HP	CF	5438210	oftirnanog	Here There Be Lions	14767
HP_5562406	HP	CF	5562406	quirrellokayiswonderful	Folie à Hogwarts	6539
HP_5630068	HP	CF	5630068	Gbroolo	Puer	5967
HP_5641159	HP	CF	5641159	invisible_nerd_girl	Sanguinem Infirmitate	7398
HP_579277	HP	CF	579277	Gamma_Orionis	Through the Looking Glass	10092
HP_593955	HP	CF	593955	Sofiel	Bite Sized	15632
HP_5985331	HP	CF	5985331	Kuro_Guardian	There was a hole	5521
HP_6024930	HP	CF	6024930	OracleObscured	I Can Dream About You	18316
HP_6057796	HP	CF	6057796	Thkae1111	Falling into Utopia.	6808
HP_6061867	HP	CF	6061867	elvirakitties	Do you know?	12095
HP_610350	HP	CF	610350	Paimpont	Solamen Miseris	5383
HP_6146056	HP	CF	6146056	Total_whovian	A New Place, A New Love	10677
HP_6160258	HP	CF	6160258	TeddieJean	Blue Velvet	7957
HP_6230710	HP	CF	6230710	LivingInTheLight	Naive Harry and Lucius Malfoy	8269
HP_634196	HP	CF	634196	nakedxtime	The Beauty of Power	9230
HP_6478048	HP	CF	6478048	TearsIMustConceal	Colombiana	6758
HP_6479887	HP	CF	6479887	CaryceJade	Past, Present, and Future Vignettes	7035
HP_6480517	HP	CF	6480517	Rumpels	The Mildly Perilous and Mostly Tragicomic Misadventures of Sir Roderick Gryffindor and 'Sir' Ivan Harris	9234
HP_6518440	HP	CF	6518440	parasitic	Aparecium	7426
HP_6619786	HP	CF	6619786	jprongs	A Mix of Jealousy and Jager	6976
HP_662692	HP	CF	662692	Naiira_Harlow	Until the Day it Becomes a Pumpkin	7802
HP_671270	HP	CF	671270	tigersilver	‘Investments’	12861
HP_6742183	HP	CF	6742183	slbunnies	What They Don't Know	7137
HP_7044748	HP	CF	7044748	EmRosie	Of All The Gin Joints	13679
HP_7158335	HP	CF	7158335	patchwork_daydreams (orphan_account)	My Personal Ghost	6367
HP_7408855	HP	CF	7408855	sTuck_darr20	Love Under The Moonlight	8797
HP_7446595	HP	CF	7446595	LadyAmina	Make Moony Smile	5695
HP_745121	HP	CF	745121	Saranghae	Here's To Wishing	5360
HP_7562548	HP	CF	7562548	UltimateDrarryQueen	The Green-Eyed Miracle Boy	5753
HP_7689619	HP	CF	7689619	aireagoir	Of Wands, Bonds and the Dead of Winter	5835
HP_7748092	HP	CF	7748092	Ohwellwhatever	Break and Fold	6080
HP_7758130	HP	CF	7758130	OblivionsGarden	Finding A Way Home (Hiatus)	17679
HP_787368	HP	CF	787368	SunseticMonster	Hey, Potter	16024
HP_7877827	HP	CF	7877827	MadaraS	Stirring shit up at Hogwarts	14604
HP_7913506	HP	CF	7913506	Bunnyhops	Friends, Lovers and Teammates	8005
HP_7952047	HP	CF	7952047	shilo1364	The Difference Between a Cat and a Comma, Or, The One Where McGonagall Has Sass	18600
HP_80362	HP	CF	80362	Joe_Reaves	Arc 1 - Building a Pack	10775
HP_8040475	HP	CF	8040475	Gabriel_Sage	Drastic Measures	11398
HP_8184487	HP	CF	8184487	TheHexFiles_archivist	Ginny Weasley's Rather Large Mistake	12537
HP_8438497	HP	CF	8438497	LullabyKnell	I Could Not Stop For Death	5358
HP_849923	HP	CF	849923	Shan84	Don't Get Left Behind	12004
HP_8620537	HP	CF	8620537	QueenofFennoscandia	Don't Mourn  –  Organize	5489
HP_8668537	HP	CF	8668537	damaskg	Untamed	6033
HP_8682568	HP	CF	8682568	mosamosamosa	Vignettes	16757
HP_869089	HP	CF	869089	Souhaiteavecmoi	The End Where I Begin	10495
HP_8949805	HP	CF	8949805	Funkspiel	The True Nature of Percival Graves	14580
HP_9122308	HP	CF	9122308	Kelliskip	Dating a vampire	9663
HP_9139699	HP	CF	9139699	Colourcubify	Detention	5941
HP_9187112	HP	CF	9187112	CrystalGazer	Here Be Dragons	10526
HP_9301250	HP	CF	9301250	Incido	Hideout	16565
HP_9314897	HP	CF	9314897	Shiroganeaesc	Prince Fashion	7165
HP_9349109	HP	CF	9349109	Wandrian	Best Served Cold	19157
HP_9369227	HP	CF	9369227	kingofstormandfire	An Alternative End	7542
HP_9380228	HP	CF	9380228	orphan_account	Circumstances Most Uncommon	12737
HP_93822	HP	CF	93822	Cluegirl	Disenchanted	19185
HP_9392108	HP	CF	9392108	NotNecessarilyinBetween	What's One More Law Broken?	11449
HP_939407	HP	CF	939407	Monkeyboy21	Sunshine in a Gloomy World	11918
HP_944867	HP	CF	944867	TheLastComment	The Adventures of Hamish and William	5168
HP_954741	HP	CF	954741	Dance_Mad	Something Worth Fighting For	5785
HP_9557384	HP	CF	9557384	MountOthrys	Roots	6712
HP_9598706	HP	CF	9598706	Bananaramas	For Those Who Fell	18192
HP_9781712	HP	CF	9781712	LightofEvolution	Bloody Valentine (extended)	7267
HP_9833102	HP	CF	9833102	Llaeyro	Laid Bare	8455
HP_9897254	HP	CF	9897254	HPFandom_archivist	Behind the Veil	10761
HP_9903296	HP	CF	9903296	HPFandom_archivist	Slow Burn	9881
LOTR_1019637	LOTR	HF	1019637	feralphoenix	If I cannot move heaven, I will raise hell.	5212
LOTR_1025142	LOTR	HF	1025142	IdrilsSecret	Rendezvous	10803
LOTR_10574847	LOTR	HF	10574847	Sunshine2026	Shh!	7588
LOTR_1062193	LOTR	HF	1062193	pandemonium_213	Fell Meats	8877
LOTR_10755180	LOTR	HF	10755180	Ihaveacoolusername	The Chronicles of Gondor	18818
LOTR_1088371	LOTR	HF	1088371	Itar94	(The Making of) Destiny (with footnotes)	9683
LOTR_1130662	LOTR	HF	1130662	rhymer23	Waiting on the Wise	6386
LOTR_1133046	LOTR	HF	1133046	red_lasbelin	Autumn Leaves	11242
LOTR_1139733	LOTR	HF	1139733	rhymer23	Lord of Misrule	5244
LOTR_114775	LOTR	HF	114775	IgnobleBard	Above All Shadows	14587
LOTR_1153152	LOTR	HF	1153152	erestor	GLORFINDEL LION-HEART	19750
LOTR_1155859	LOTR	HF	1155859	Eressë (eresse21)	On the Edge of Forever	8646
LOTR_11736699	LOTR	HF	11736699	QuincyJones	The Magical Unifying Powers of Gratuitous Selfies	10640
LOTR_11789061	LOTR	HF	11789061	asweetcatastrophe	The Same Battles	7592
LOTR_1180333	LOTR	HF	1180333	Gwaelinn	Coming Home	8745
LOTR_11837190	LOTR	HF	11837190	Follow_the_halo	Amnesiac	6117
LOTR_11933517	LOTR	HF	11933517	hannah_jpg	Laying the Stones	9440
LOTR_11994519	LOTR	HF	11994519	Erulissë (NanaAdder)	It Started Out As A Feeling	6548
LOTR_12038649	LOTR	HF	12038649	Kashthescribe	Change of heart?	6163
LOTR_12050436	LOTR	HF	12050436	Aria_Breuer	A Time of Peace	6768
LOTR_12172797	LOTR	HF	12172797	Aria_Breuer	Wind Riders	10397
LOTR_1217302	LOTR	HF	1217302	holmes221b	The Price of Love	17414
LOTR_12275010	LOTR	HF	12275010	Cheekybeak	Stranger in a Strange Land	11361
LOTR_126029	LOTR	HF	126029	primsong	Bombur's Diet	8823
LOTR_127022	LOTR	HF	127022	Celandine	Lord of the Rings Filks	16023
LOTR_12906447	LOTR	HF	12906447	Aglarien	Metamorphosis	8604
LOTR_13116294	LOTR	HF	13116294	Aria_Breuer	The Red Flag of the King	16962
LOTR_134604	LOTR	HF	134604	Virtuella	Lobelia Sackville-Baggins Is Dead	6174
LOTR_13514895	LOTR	HF	13514895	Aria_Breuer	The Man in Shadows	6078
LOTR_13959774	LOTR	HF	13959774	Tehri	Endearments	10260
LOTR_13975839	LOTR	HF	13975839	DwarvesLikeShinyThings	Tides of Fate Onward Run	5316
LOTR_1397881	LOTR	HF	1397881	Suzelle	Burdens of the Wise	6147
LOTR_14723873	LOTR	HF	14723873	Bergamot17	Ithilrien	6344
LOTR_14824653	LOTR	HF	14824653	lazy_bird	Flower of Rope	6983
LOTR_14961788	LOTR	HF	14961788	Aria_Breuer	Maranguan's Apprentice	8698
LOTR_1612658	LOTR	HF	1612658	Zhie	Accept No Substitute	8392
LOTR_1615520	LOTR	HF	1615520	Dreamflower	A Mother's Work	9629
LOTR_167092	LOTR	HF	167092	epkitty	Happiness, As Promised	7979
LOTR_168234	LOTR	HF	168234	epkitty	This Silence	5768
LOTR_172418	LOTR	HF	172418	IgnobleBard	Hunter of the Heart	6514
LOTR_172610	LOTR	HF	172610	Marta	An Elf By Any Other Name	5684
LOTR_1761649	LOTR	HF	1761649	charlottefrey	The strongest dwarrodam	9345
LOTR_1779991	LOTR	HF	1779991	Bitrektual	A Child of Dying Stars	5143
LOTR_191014	LOTR	HF	191014	Android_Master	Never Again	10594
LOTR_193399	LOTR	HF	193399	ancalime8301	Epidemic	9606
LOTR_19604	LOTR	HF	19604	cruisedirector	Companions	8968
LOTR_2181669	LOTR	HF	2181669	Talullah	A Bliss of Another Kind	6692
LOTR_2183664	LOTR	HF	2183664	Jaiden_S	Whispers on the Wind	10552
LOTR_2186775	LOTR	HF	2186775	Blackwingcrow	Autumn Flowers	6709
LOTR_2194332	LOTR	HF	2194332	dragongirl251	Return of the Head Boy	18128
LOTR_220459	LOTR	HF	220459	red_lasbelin	The Rhythm of Love	5336
LOTR_220567	LOTR	HF	220567	Jael (erynlasgalen1949)	The Rose in the Fisted Glove	5151
LOTR_2330738	LOTR	HF	2330738	Tanis	In My Father's House	7814
LOTR_249954	LOTR	HF	249954	IgnobleBard	Years Thicker Than Leaves	5847
LOTR_2525687	LOTR	HF	2525687	Melkoring	Glorfindel Hates Cats	6600
LOTR_2531723	LOTR	HF	2531723	VelvetKey	The Haven	6874
LOTR_253918	LOTR	HF	253918	Altariel	Death by Water	5751
LOTR_2586584	LOTR	HF	2586584	fimbrethiel	Out Of the Darkness	12936
LOTR_2695979	LOTR	HF	2695979	mountland	A Legacy of Stone	7079
LOTR_2700002	LOTR	HF	2700002	SusanaR	Helpless Moments	7481
LOTR_272464	LOTR	HF	272464	Atanvarne (asecretchord)	The Summons	11010
LOTR_2758625	LOTR	HF	2758625	Grey_wonderer	Sleigh Ride	10202
LOTR_285598	LOTR	HF	285598	kenaz	Of Secrets Kept, Strength Like a Tower	11232
LOTR_2887874	LOTR	HF	2887874	ScribeofArda	Midwinter Traditions	13084
LOTR_317714	LOTR	HF	317714	sagaluthien	Legolas and Robin	13412
LOTR_3373481	LOTR	HF	3373481	underoriginal	Ink and Incubi	5450
LOTR_3650277	LOTR	HF	3650277	Felix_Yussupov	Light of an Altruist	5585
LOTR_3651270	LOTR	HF	3651270	Orchyd Constyne (slarmstrong)	Trin Genedril : Through the Looking Glass	14258
LOTR_366723	LOTR	HF	366723	merripestin	Choices Unconsidered	8354
LOTR_368451	LOTR	HF	368451	Rubynye	Merimas' Wooing	5093
LOTR_3719534	LOTR	HF	3719534	HASA_Archivist	Naked	7127
LOTR_3720062	LOTR	HF	3720062	Celandine	Flame to Smoke	7887
LOTR_3726248	LOTR	HF	3726248	HASA_Archivist	Divided they Fall	12906
LOTR_3727094	LOTR	HF	3727094	HASA_Archivist	Eye of the Beholder	6503
LOTR_3731578	LOTR	HF	3731578	erestor	Down the Rabbit Hole	17318
LOTR_3737219	LOTR	HF	3737219	HASA_Archivist	Fellowship of the Mutants	6005
LOTR_3737240	LOTR	HF	3737240	HASA_Archivist	One Year As A Brandybuck	9813
LOTR_3738217	LOTR	HF	3738217	HASA_Archivist	Vigil	17684
LOTR_3738224	LOTR	HF	3738224	shadow975 (zillah975)	Boromir II	11188
LOTR_3743336	LOTR	HF	3743336	Fee_Folay	Playing For Keeps	7358
LOTR_3743456	LOTR	HF	3743456	fileg	Poetic Forms	6725
LOTR_3743591	LOTR	HF	3743591	HASA_Archivist	Legolas' Seat	12824
LOTR_3744049	LOTR	HF	3744049	HASA_Archivist	An Elven Love	18422
LOTR_3744163	LOTR	HF	3744163	Zooboss	A Song of Rings and Men	5266
LOTR_3744219	LOTR	HF	3744219	HASA_Archivist	Love in a Time of Fading	5091
LOTR_3744240	LOTR	HF	3744240	HASA_Archivist	Song of the Waters	7223
LOTR_3744271	LOTR	HF	3744271	HASA_Archivist	Crossing Over with the HA List: An Onlist Challenge	19380
LOTR_3744295	LOTR	HF	3744295	HASA_Archivist	HASA Birthday Cards 2005	5752
LOTR_3744310	LOTR	HF	3744310	HASA_Archivist	Instant Drabbling	5365
LOTR_3744733	LOTR	HF	3744733	HASA_Archivist	In Mist and Shadow	11296
LOTR_3744993	LOTR	HF	3744993	HASA_Archivist	Quest for the One, The	5443
LOTR_3745028	LOTR	HF	3745028	HASA_Archivist	Hobbit Stew	12720
LOTR_3745394	LOTR	HF	3745394	HASA_Archivist	Aftermath	9981
LOTR_3746133	LOTR	HF	3746133	HASA_Archivist	Rangers of the North - Murder in the Shire	9942
LOTR_3756760	LOTR	HF	3756760	KusanoSaku	My Precious	8842
LOTR_3758014	LOTR	HF	3758014	Potboy	Magnetic Force	5851
LOTR_3759542	LOTR	HF	3759542	HASA_Archivist	Tall Tales and Memories	7285
LOTR_3761939	LOTR	HF	3761939	HASA_Archivist	Essays on the History of Arnor (Fanon and AU))	10852
LOTR_3762254	LOTR	HF	3762254	HASA_Archivist	Forever	8178
LOTR_3762475	LOTR	HF	3762475	ThunderaTiger	The World Below the Mists	6357
LOTR_3762655	LOTR	HF	3762655	HASA_Archivist	Reason for All Things, A	8838
LOTR_3762875	LOTR	HF	3762875	Tanis	A Concerto in Minor Chords	6515
LOTR_3762881	LOTR	HF	3762881	Tanis	Breath of An Elf	10726
LOTR_3767350	LOTR	HF	3767350	HASA_Archivist	Beauty Mark	5716
LOTR_3767615	LOTR	HF	3767615	HASA_Archivist	The Dragon with the Really Stinky Breath	12242
LOTR_3770234	LOTR	HF	3770234	HASA_Archivist	An Elf By Any Other Name	5684
LOTR_3770480	LOTR	HF	3770480	HASA_Archivist	Summer Nights	7472
LOTR_3777121	LOTR	HF	3777121	HASA_Archivist	Spiders in the Mist:  An Arachnid Love Story	9331
LOTR_3777734	LOTR	HF	3777734	HASA_Archivist	Dare, The	14783
LOTR_3777938	LOTR	HF	3777938	Lindariel	A Yule Journey	16620
LOTR_3778679	LOTR	HF	3778679	Linaewen	Fennas Haradren	5581
LOTR_3778807	LOTR	HF	3778807	HASA_Archivist	Dear Diary	14847
LOTR_3778877	LOTR	HF	3778877	Lialathuveril	Promises	5512
LOTR_3778972	LOTR	HF	3778972	HASA_Archivist	Misty Month, The	9551
LOTR_3779077	LOTR	HF	3779077	HASA_Archivist	When First We Parted	5590
LOTR_3779969	LOTR	HF	3779969	Larner	For the Want Of....	5166
LOTR_3780322	LOTR	HF	3780322	HASA_Archivist	Letters from Faramir	15938
LOTR_3780376	LOTR	HF	3780376	HASA_Archivist	Steward And Thain - The Tale of a Growing Friendship	9788
LOTR_3782670	LOTR	HF	3782670	HASA_Archivist	Laughing Oliphaunt, The	5796
LOTR_3783116	LOTR	HF	3783116	HASA_Archivist	Gollum's Story	5250
LOTR_3784203	LOTR	HF	3784203	HASA_Archivist	Graceful and Green	9875
LOTR_3784378	LOTR	HF	3784378	HASA_Archivist	Exile	8095
LOTR_3784664	LOTR	HF	3784664	HASA_Archivist	Lessons	9416
LOTR_3784727	LOTR	HF	3784727	HASA_Archivist	That Which Will Never Return	7389
LOTR_3802361	LOTR	HF	3802361	HASA_Archivist	So Much for Fellowship	8163
LOTR_3802412	LOTR	HF	3802412	HASA_Archivist	Intruder	7985
LOTR_3831909	LOTR	HF	3831909	HASA_Archivist	North Shore	8295
LOTR_3831930	LOTR	HF	3831930	HASA_Archivist	To Sing Of...	8198
LOTR_3833055	LOTR	HF	3833055	HASA_Archivist	Littlest Balrog, The	17743
LOTR_3833227	LOTR	HF	3833227	HASA_Archivist	When the King Comes Back (the Great Smials)	12758
LOTR_3852656	LOTR	HF	3852656	HASA_Archivist	Vain Songs, The	11636
LOTR_3853091	LOTR	HF	3853091	Eledhwen	Kings of the Sea	5587
LOTR_3863052	LOTR	HF	3863052	HASA_Archivist	Cold Thangorodrim	5382
LOTR_3863646	LOTR	HF	3863646	HASA_Archivist	Nár Tinwen (or: a Journey of Names)	9814
LOTR_3894307	LOTR	HF	3894307	Ithilne	The Subtle Grace of Being Good	7874
LOTR_3895873	LOTR	HF	3895873	rinonucuthalion	Don Frodo of the Shire	10400
LOTR_392576	LOTR	HF	392576	ArwenUndomiel	Here Will I Abide	5156
LOTR_4013974	LOTR	HF	4013974	NirCele	Mistakes, Apologies, and Stubborness	7694
LOTR_4021606	LOTR	HF	4021606	ElvenPrincessOfNarnia_Kate	Mischief Makers	7784
LOTR_4102696	LOTR	HF	4102696	daisynorbury	Across Gilrain	5082
LOTR_4211578	LOTR	HF	4211578	HASA_Archivist	Shards of Time	18185
LOTR_4211845	LOTR	HF	4211845	HASA_Archivist	Long Night	6774
LOTR_4212231	LOTR	HF	4212231	HASA_Archivist	As Little Might Be Thought	8431
LOTR_4214914	LOTR	HF	4214914	Dwimordene	Cuts Gone Wrong	5815
LOTR_4215007	LOTR	HF	4215007	Dwimordene	Insight	7183
LOTR_4215230	LOTR	HF	4215230	Dwimordene	Where the Stars are Strange	15255
LOTR_4215331	LOTR	HF	4215331	HASA_Archivist	Eight Companions: A Battle for an Elf's Sanity, The	13649
LOTR_4218284	LOTR	HF	4218284	HASA_Archivist	The Second Path	13329
LOTR_4218309	LOTR	HF	4218309	HASA_Archivist	I Shall Not Call The Sunbeam Bright	8383
LOTR_4221345	LOTR	HF	4221345	GilShalos1	Not From Mountain Nor From Sea	18527
LOTR_4221585	LOTR	HF	4221585	HASA_Archivist	Folk of Different Race	9861
LOTR_4222141	LOTR	HF	4222141	HASA_Archivist	Darkness Will Never Pass Away, The	7788
LOTR_4338113	LOTR	HF	4338113	Aglarien	Any Good Thing	12327
LOTR_4376219	LOTR	HF	4376219	Eidolon_writes (kenaz)	Stronger Counsel	6521
LOTR_443963	LOTR	HF	443963	Linaewen	Face of the Enemy	13127
LOTR_4523916	LOTR	HF	4523916	naeblis	Between a Rock and a Hard Place	10104
LOTR_453423	LOTR	HF	453423	lily_winterwood	A Study in Mithril	9449
LOTR_4541622	LOTR	HF	4541622	rain_sleet_snow	loyalty, honour and a willing heart	6994
LOTR_4554459	LOTR	HF	4554459	arwens_light	Light Through The Shadows	6317
LOTR_4565274	LOTR	HF	4565274	Talullah	Evermore	5305
LOTR_4649217	LOTR	HF	4649217	Alku04	The Search For Aragorn	10881
LOTR_479171	LOTR	HF	479171	Marchwriter	Chasing Nightingales	12513
LOTR_481398	LOTR	HF	481398	lily_winterwood	Many Meetings	9242
LOTR_494518	LOTR	HF	494518	Susana Rosa (SusanaR)	Tales of the Second Age	9471
LOTR_51018	LOTR	HF	51018	Rubynye	While We Raise Our Hearts in Love	5130
LOTR_535637	LOTR	HF	535637	Notabluemaia	Full Circle	7430
LOTR_5938441	LOTR	HF	5938441	Angelstar3999	Just a Little Time	5169
LOTR_5989633	LOTR	HF	5989633	Zinneth (Zoya_Zalan)	Where Shadows Prevail	14074
LOTR_6014236	LOTR	HF	6014236	inheritanceofgeek	Boxset and Boink	5583
LOTR_6191	LOTR	HF	6191	starlady	Concerning Galadriel, Celeborn, and the History of Ennorath	18016
LOTR_630608	LOTR	HF	630608	Lullenny	The Blue Book	10271
LOTR_637596	LOTR	HF	637596	HDLynn	The Coming of Age	5063
LOTR_6612859	LOTR	HF	6612859	Ulan	Listen	5305
LOTR_666463	LOTR	HF	666463	Aliana	Archer's Paradox	5051
LOTR_671374	LOTR	HF	671374	theblindtorpedo	Quest: Take Back Erebor!	7264
LOTR_671809	LOTR	HF	671809	igraine1419	The Drowned City	7050
LOTR_671837	LOTR	HF	671837	igraine1419	The Ice Palace	8607
LOTR_673228	LOTR	HF	673228	igraine1419	The Fell Winter	5123
LOTR_678368	LOTR	HF	678368	Ghyste	Physician Heal Thyself	5048
LOTR_681493	LOTR	HF	681493	deedeeinfj	Elfsheen	11110
LOTR_681549	LOTR	HF	681549	deedeeinfj	History Became Legend	15958
LOTR_7075372	LOTR	HF	7075372	darknessesmistress95	The Ice King	9269
LOTR_713455	LOTR	HF	713455	SusanaR	Comfort	6223
LOTR_715558	LOTR	HF	715558	baranduin	A New Garden in Minas Tirith	7154
LOTR_7181231	LOTR	HF	7181231	rehtaehwashere	South Ithilien High School	16773
LOTR_73651	LOTR	HF	73651	Mercurie	Post-Modern Periannath	6472
LOTR_7418320	LOTR	HF	7418320	Alku04	Smoke and Mirrors	6594
LOTR_75543	LOTR	HF	75543	Rubynye	A Calvacade of Story Fragments	8157
LOTR_767476	LOTR	HF	767476	MayhemCirheryn	The Crown of the Sun Radiant	5209
LOTR_79417	LOTR	HF	79417	Esteliel	Laurië Celvarmólet	5688
LOTR_809765	LOTR	HF	809765	HeatherGiesbrecht	An Archangel: Legend of the Aniu Naureni'er	5184
LOTR_840373	LOTR	HF	840373	elladansgirl	Beyond Temptation	5543
LOTR_855043	LOTR	HF	855043	TaterChipGirl	The Heart Of Thorin	6671
LOTR_859741	LOTR	HF	859741	ellender	In the King's Shoes	11884
LOTR_8832235	LOTR	HF	8832235	SongsofPsyche	The Midnight Quest	12465
LOTR_89930	LOTR	HF	89930	FyrDrakken	Unexpected	18262
LOTR_9214880	LOTR	HF	9214880	Dreamflower	The Last Homely House Welcomes Mr. Baggins	5934
LOTR_9261116	LOTR	HF	9261116	Crazyeight	The Dark Tree	7600
LOTR_927450	LOTR	HF	927450	evocates	without songs or tales	5370
LOTR_9478817	LOTR	HF	9478817	Zhie	Soul Free	5451
PJ_10219256	PJ	CF	10219256	percyspandapillowpet	Past, Present, Future	5280
PJ_1022504	PJ	CF	1022504	NonVoxSedVotum	Club Agrotera	10115
PJ_1023893	PJ	CF	1023893	MidnightNereid	Storms O'er the Graveyard	6885
PJ_1050548	PJ	CF	1050548	Sincere_Lies	To Acceptance	7110
PJ_10543530	PJ	CF	10543530	franavibar	Here without you	8077
PJ_1069777	PJ	CF	1069777	redgoldblue	Multi-fandom Advent Calendar 2013	7194
PJ_10717788	PJ	CF	10717788	Glowing_dimp_as_an_ember	Breaking the ice	6001
PJ_10759101	PJ	CF	10759101	TheBrightestNight	You Square All the Corners, I Straighten the Curves	10401
PJ_10791639	PJ	CF	10791639	wavyally	Pirates of The Mediterranean	14345
PJ_10815012	PJ	CF	10815012	hannah_9821	The Abyss	6518
PJ_1086566	PJ	CF	1086566	NightHeartBattles	It Truly Exists? AO3 Version	10079
PJ_10869804	PJ	CF	10869804	Destiel_is_Classic	Light Us On Fire	9661
PJ_10927311	PJ	CF	10927311	orphan_account	The Sunshine Girl	5102
PJ_11021394	PJ	CF	11021394	jeychen5	Birthday Detour	5394
PJ_1107565	PJ	CF	1107565	Psith	Nico di Angelo and Not the Olympians	6081
PJ_11085033	PJ	CF	11085033	jonogender	miraculous gals	5511
PJ_1129620	PJ	CF	1129620	InZodWeTrust	Tale of Zod: The Forgotten Demigod	11691
PJ_11324190	PJ	CF	11324190	AAThanatos	William Tell	15682
PJ_1136289	PJ	CF	1136289	Falco276	Brother Earth, Sister Sea	8170
PJ_1138673	PJ	CF	1138673	betsib	The Motion and the Act	5084
PJ_1142333	PJ	CF	1142333	pancakezrule	These Words Are All We Have	6202
PJ_11512608	PJ	CF	11512608	KingOMalley	Percy Betrayed	6700
PJ_11561475	PJ	CF	11561475	inabodycastofglass	Better Than This	5624
PJ_11629557	PJ	CF	11629557	whisperfade	Bandom Half-Blood AU	8805
PJ_11673477	PJ	CF	11673477	WiseBlondeHunter	Words Unlike Any Other	11741
PJ_11883792	PJ	CF	11883792	stroke_of_genius	Charcoal Lines	9645
PJ_11909466	PJ	CF	11909466	kristimoon	Who Shall Be King Hereafter	11634
PJ_11911404	PJ	CF	11911404	Inlovewithsnow2002	And Should You Fall I will be There to Catch You (or Fall Trying)	10835
PJ_12036144	PJ	CF	12036144	Whitejj01	Left Alone	8389
PJ_12340716	PJ	CF	12340716	Snowy_038	A Demigods Tale	17095
PJ_12355002	PJ	CF	12355002	magic713	Son of the Sea: The Lightning Thief	11070
PJ_12395748	PJ	CF	12395748	bowties_Scarves_and_Plaid	The Star Maiden (A Percy Jackson & Supergirl Crossover)	12872
PJ_12486864	PJ	CF	12486864	CactuarNation	Antisocial Social Club	10490
PJ_12634722	PJ	CF	12634722	Ms_Understood94	City of Stars	5214
PJ_12635793	PJ	CF	12635793	inkkedalone	All In Your Heart	8157
PJ_1282759	PJ	CF	1282759	Nitonami	Little Ghost	6682
PJ_12882024	PJ	CF	12882024	Sboyle92	Queen of the Sea (COMPLETE)	9431
PJ_13201107	PJ	CF	13201107	allthistosay	the dawn will come	8018
PJ_1334365	PJ	CF	1334365	ghostly_writers (orphan_account)	my crazy sas family	12672
PJ_13375128	PJ	CF	13375128	Tanark	Swords on A Rack	5049
PJ_13387122	PJ	CF	13387122	Cheshivi	My evil heart	5173
PJ_13391046	PJ	CF	13391046	BlueCiffee	Fracturing Soul	7135
PJ_13400619	PJ	CF	13400619	Sou	A Desk by the Sea	9912
PJ_1367512	PJ	CF	1367512	diangelonnico	A date? With Jason Grace?	6420
PJ_13718412	PJ	CF	13718412	infinity500	To Wash Away a Sin	7415
PJ_13839060	PJ	CF	13839060	WriterHands	Sold	5599
PJ_13996215	PJ	CF	13996215	RobinSchade	The Third Kingdom	8311
PJ_14045520	PJ	CF	14045520	vic15	Leo’s Quest	7912
PJ_14231988	PJ	CF	14231988	Caralinguiel	Being Normal	5174
PJ_14296080	PJ	CF	14296080	MistressofLoki	Unplanned Surprise	18024
PJ_1458811	PJ	CF	1458811	holdontoyourhulahoops	Gym Class	7160
PJ_14606346	PJ	CF	14606346	DarkHallway	My Brother's Best Friend	17250
PJ_1473958	PJ	CF	1473958	pennameisblank	Clairvoyant	7625
PJ_14802110	PJ	CF	14802110	RavenBloom	Convergence Creation Week 2017	6632
PJ_1555670	PJ	CF	1555670	DawnQuest23361	Tongue Tied.	12523
PJ_1600400	PJ	CF	1600400	Wallflower671	Luminescent	8917
PJ_1601225	PJ	CF	1601225	Wallflower671	Shadow's Damsel	5638
PJ_1696271	PJ	CF	1696271	Johnny_Factotum	The Son of Mercury	18357
PJ_1698893	PJ	CF	1698893	WritingToKeepMySanity	Wait For Me	5153
PJ_1703306	PJ	CF	1703306	flipflop_diva	And Into The Battle We Come Again	12681
PJ_1797277	PJ	CF	1797277	DamDemigodWizard	Of Angel Eyes and Saving Graces	7649
PJ_1808116	PJ	CF	1808116	orphan_account	To Thyself Be True	7275
PJ_1819951	PJ	CF	1819951	orphan_account	24 Hours (And then 365 Days)	15974
PJ_1819999	PJ	CF	1819999	consultingfangirl019	Andromeda's Story-Book One	15544
PJ_1983162	PJ	CF	1983162	Takara_Phoenix	Magic, Revenge and the Ocean	14918
PJ_1984278	PJ	CF	1984278	Hananobira	Iwatobi Swim Club and the Summer of Gods	8125
PJ_2010603	PJ	CF	2010603	slightlylessmediocre	All Aboard	5486
PJ_2012646	PJ	CF	2012646	Sammiec3	Trouble Starts With Three	9773
PJ_2032239	PJ	CF	2032239	advictorem	The Not-So-Forbidden Fruit	8961
PJ_2073516	PJ	CF	2073516	neverlanded	Comfort Food	6272
PJ_2119872	PJ	CF	2119872	madleidy	not even the gods above	5323
PJ_2142912	PJ	CF	2142912	betsib	Four and a Half Dates	5884
PJ_2197800	PJ	CF	2197800	orphan_account	With A Little Help From My Friends	5685
PJ_2232903	PJ	CF	2232903	orphan_account	Meeting Again (Jasico Fanfic)	19982
PJ_2277498	PJ	CF	2277498	huffletodapuffle	And I'm Saying Goodbye	5701
PJ_2418857	PJ	CF	2418857	leicovaldangelo	Kiss me you fool	14855
PJ_2431955	PJ	CF	2431955	igrab	Drought	5387
PJ_2438108	PJ	CF	2438108	lilyevan	Pro Bono	6192
PJ_2465384	PJ	CF	2465384	ImHalfSickOfShadows	Of Ancient Temples and Belated Birthdays	14273
PJ_2532788	PJ	CF	2532788	DontOffendTheBees	Nine Little Hours	5216
PJ_2570222	PJ	CF	2570222	asphodeltheawkwardpanda	Di Immortales!	11142
PJ_2654933	PJ	CF	2654933	ab (avvvery)	If Anyone Falls In Love	8323
PJ_2655923	PJ	CF	2655923	highstrider	I got to know the sky; but it didn't know me	6117
PJ_2697335	PJ	CF	2697335	Skylar_Save	Nameless	7611
PJ_2778200	PJ	CF	2778200	Charles Edward Stewart (eddiecharlesstewart)	The Meeting of the Ages.	6188
PJ_2793215	PJ	CF	2793215	rockholmes	Irons In the Fire	6039
PJ_306305	PJ	CF	306305	orphan_account	the myth behind winter and spring	5760
PJ_3177888	PJ	CF	3177888	917brat	A seriously greeked up family	6781
PJ_3241304	PJ	CF	3241304	Takara_Phoenix	Pizza, Pasta, Percy	9875
PJ_3261857	PJ	CF	3261857	LightningHope	Latibule	8787
PJ_3273509	PJ	CF	3273509	FlyingConverse87	Fuck Off Eren	6815
PJ_3275063	PJ	CF	3275063	starlinks	the game of life	5029
PJ_32878	PJ	CF	32878	zelly	Nico di Angelo and the No Good, Very Bad Day	8642
PJ_3292460	PJ	CF	3292460	Amurtinyburr12	Blue Cupcakes	14281
PJ_3319487	PJ	CF	3319487	kayteepotter7	Misfit Toys	5638
PJ_3334256	PJ	CF	3334256	mbav54	Six Years	7229
PJ_3372161	PJ	CF	3372161	orphan_account	Date A Nico	13869
PJ_337747	PJ	CF	337747	antistar_e (kaikamahine)	And All of This, Exactly That	14233
PJ_3400064	PJ	CF	3400064	La_Chameleon	Morior Invictus	5220
PJ_3491879	PJ	CF	3491879	Lucenthia	Mechanisms of the Heart	9738
PJ_3497162	PJ	CF	3497162	WindChimeGhost	The Blue Plastic Hairbrush of Doom	8039
PJ_3541982	PJ	CF	3541982	WritingRobin (orphan_account)	The Beginning of the End	5528
PJ_3619905	PJ	CF	3619905	RosettaRoseburn	Harry Potter the Thrice-Blessed Demigod and the Goblet of Fire	5132
PJ_3623367	PJ	CF	3623367	KarenHikari	Just Say It!	9645
PJ_3660516	PJ	CF	3660516	HamblettFox	The Stoll Brothers	13185
PJ_3699407	PJ	CF	3699407	orphan_account	The Rumor	6950
PJ_3802651	PJ	CF	3802651	Feniks	Nico's Firsts	7564
PJ_3838918	PJ	CF	3838918	Malkuthe	Guide Me Through the Night	9956
PJ_3953074	PJ	CF	3953074	Costa_Cat	There's always a funny side	18987
PJ_3953905	PJ	CF	3953905	Fullmetalruby	Ravenclaw: Book Two: Wise	5550
PJ_3977620	PJ	CF	3977620	lost_torie_is_me	Reek of glories	16907
PJ_4003318	PJ	CF	4003318	Takana_Kimore	Good Boys Hold Flowers	8722
PJ_4101643	PJ	CF	4101643	orphan_account	Accidents Bring Us Together	5079
PJ_4162719	PJ	CF	4162719	nico_is_my_bae_by	A Rapid Change of Events	15158
PJ_4390568	PJ	CF	4390568	tritonsvixen (orphan_account)	Dream	14242
PJ_4532451	PJ	CF	4532451	Catarina_Persephone (orphan_account)	Andromeda Potter and the Sorcerer's Stone	7644
PJ_4543701	PJ	CF	4543701	sunwise	VIII	8689
PJ_4571301	PJ	CF	4571301	Jay19xD	The Council's Hand	18467
PJ_4601862	PJ	CF	4601862	SlytherinPercy	Hearts Without Chains	5886
PJ_4686599	PJ	CF	4686599	AeonParadox	Apprentice of the Olympians	13355
PJ_4701215	PJ	CF	4701215	kurenohikari	The curse	15866
PJ_4701497	PJ	CF	4701497	kurenohikari	The decisions	13033
PJ_4761041	PJ	CF	4761041	DarkEchoes	Fix You	8964
PJ_4768613	PJ	CF	4768613	fire_underwater	his speach on ancient Greece	8219
PJ_4855187	PJ	CF	4855187	Gushigh	The Tale Of Marco Demascez, Son Of Hades	5671
PJ_4938829	PJ	CF	4938829	publius_ham	A Very Solangelo Modern Day Love Story	9337
PJ_4969921	PJ	CF	4969921	DNAngel0	A Work Of Art	5028
PJ_4984342	PJ	CF	4984342	Avaetin	Last Carnival	9831
PJ_5060779	PJ	CF	5060779	MudSkipper001	The Song of the Silent Killer	5139
PJ_5070646	PJ	CF	5070646	a_cuddly_dragon	Rise of the Forgotten	9371
PJ_5091095	PJ	CF	5091095	unspoken_code	Museum of the Prophecy of Seven	17223
PJ_5108219	PJ	CF	5108219	KaiserinCheshire	We're Just A Band Not Demigods Series Behind the Scenes	13212
PJ_5164058	PJ	CF	5164058	TheTartWitch	The Leviathan Prince	5773
PJ_5305598	PJ	CF	5305598	Bellimoon	Leo and Calypso's Auto Repair and Mechanical Monsters	13568
PJ_5317430	PJ	CF	5317430	gods_among_us (orphan_account)	Deeper Depths of the Universe	8350
PJ_5320814	PJ	CF	5320814	beautiful_as_endless	The Dawn Will Come	5908
PJ_536440	PJ	CF	536440	kingburu	Here In Your Arms	9662
PJ_5375375	PJ	CF	5375375	OzoneDragon	The Randomness of Olympus	11049
PJ_5455577	PJ	CF	5455577	Jonaira	Baby, You've Got Me Tied Down.	7826
PJ_5468633	PJ	CF	5468633	ShutUpPercy	A Sacrifice Unfated	10721
PJ_5492939	PJ	CF	5492939	czqy	Sunshine and Shadows	9154
PJ_5615473	PJ	CF	5615473	lesbabeths (nixy_stix)	The Thrill of the Chase	8957
PJ_5632012	PJ	CF	5632012	thatonegaycousin (mannerofbeing)	Coming Down	7702
PJ_5735905	PJ	CF	5735905	Wrendsor	Given to Fly	9224
PJ_5774530	PJ	CF	5774530	quietbun	Goldenrod	6279
PJ_5822668	PJ	CF	5822668	MaximillianDelirium	Guidance	17659
PJ_5936863	PJ	CF	5936863	Of_Stories_Told	Let The World Fall	7682
PJ_6097472	PJ	CF	6097472	gmcraealva	Dove and Lyre...Love and Music...Marked and Banished	5575
PJ_6108894	PJ	CF	6108894	herestothedemigods	We Were Made for This	6514
PJ_6119950	PJ	CF	6119950	ihadadate	nowhere to run, nowhere to hide	6191
PJ_6185780	PJ	CF	6185780	TheLordOfToast	The rose with a nightlight	6400
PJ_6305743	PJ	CF	6305743	andipxndy	The Babysitting Spell	8009
PJ_6415162	PJ	CF	6415162	Madzie	Chasing Cars	5851
PJ_6432895	PJ	CF	6432895	WhateverImGettingCheeseFries	Heroes Of Olympus Shorts	17091
PJ_6526957	PJ	CF	6526957	piperisntuselessyouare	Quick! Hold My Hand	15158
PJ_6553582	PJ	CF	6553582	Narina	Project Olympus	18912
PJ_6621505	PJ	CF	6621505	PenguinLover1098	Baby Sister	5110
PJ_6647041	PJ	CF	6647041	KingOMalley	The Hopeless Ward	8955
PJ_6668689	PJ	CF	6668689	orphan_account	Can't Help Falling In Love	5177
PJ_6783019	PJ	CF	6783019	Anonamystery	Penelope Hosh and the Man from The Mirror	18150
PJ_6823543	PJ	CF	6823543	gleek_runner	Tumblr Otp Prompts	10621
PJ_6866614	PJ	CF	6866614	AddysPsycoticMind	The Bracelet Chronicles: Sunshine	7700
PJ_6877999	PJ	CF	6877999	grahamhannah53	Memories	7118
PJ_700898	PJ	CF	700898	eveninganna	Traces Left Behind	9530
PJ_7041358	PJ	CF	7041358	reclinedazure	Sunrise (Solangelo)	7719
PJ_7254910	PJ	CF	7254910	LatinoElf	Strays	7063
PJ_7340884	PJ	CF	7340884	garbagewaif	Speak the Speech	15723
PJ_7487523	PJ	CF	7487523	GlitchTheRoboticShadow	The Baristas of Espresso Yourself	5333
PJ_7506037	PJ	CF	7506037	OlympianJuniper	A Violent Storm	9373
PJ_7534108	PJ	CF	7534108	orphan_account	Hero or Assassin	6271
PJ_7569553	PJ	CF	7569553	AnonymousDarkenedBooklyKk16	Giving Into The Light	7523
PJ_7684270	PJ	CF	7684270	Greghero	Fighting for what You Already Have	19755
PJ_7685278	PJ	CF	7685278	Rory_Croft	Happening	5084
PJ_7733926	PJ	CF	7733926	50tabsoffanfiction	Ghost Whisperer	5180
PJ_8114230	PJ	CF	8114230	AppleJuice (capolleon)	every hidden corner of the world	9962
PJ_8163667	PJ	CF	8163667	Toomuchofanerd	One Shots	6466
PJ_8222998	PJ	CF	8222998	i_write_shakespeare_not_disney	The New Reality- An Inverse!Solangelo Fic	6345
PJ_833853	PJ	CF	833853	notyourleo	What The Thunder Said	5106
PJ_8443966	PJ	CF	8443966	Omicronbsk17	Percy Jackson and the Daughter of the Sea	8250
PJ_8541796	PJ	CF	8541796	jflashandcrash	When the Stone Cracks	14867
PJ_8561860	PJ	CF	8561860	alcoholicdolphin	What Seemed Like The End	5914
PJ_8619892	PJ	CF	8619892	CarpeDM	Goalie Interference	16664
PJ_8650171	PJ	CF	8650171	orphan_account	The Ongoing Mission of Will Solace	13687
PJ_867085	PJ	CF	867085	Unadulterated	Come What May	10466
PJ_8789920	PJ	CF	8789920	New_writer23	Hero's death	9663
PJ_8872402	PJ	CF	8872402	booksnerdharrypotter	Dying is an Art	5385
PJ_903962	PJ	CF	903962	InsertWittyPseudonymHere	Stutter	9711
PJ_907167	PJ	CF	907167	secondstardust	From The Shores of Mount Pelion	5191
PJ_9090421	PJ	CF	9090421	alcoholicdolphin	Now That I'm Here,	5988
PJ_9309701	PJ	CF	9309701	ssantisheep	Spring is a state of mind	5580
PJ_932098	PJ	CF	932098	eri_quin	Working Class Hero	17493
PJ_9406982	PJ	CF	9406982	FullmetalReborn	Finding Peace	9569
PJ_944416	PJ	CF	944416	Chaosia	Promises	19102
PJ_9452783	PJ	CF	9452783	soft (onlysweeter)	the only exception	7106
PJ_9575453	PJ	CF	9575453	Quryuu	Meanwhile Back on Earth Part Deux	5963
PJ_965586	PJ	CF	965586	shadowtraveled (meteorfest)	(this love will be the) End of Me	9772
PJ_9680795	PJ	CF	9680795	Flysch	The Ambassador of Athena	19948
PJ_9818435	PJ	CF	9818435	Idamaria	We Are The Hearts	8064
PJ_9819737	PJ	CF	9819737	captainvegas	Return	12913
PJ_9857096	PJ	CF	9857096	ageekofalltrades	Daughter of Eve	7424
TH_1006951	TH	HF	1006951	Werecakes	Dwarves and Roses	12696
TH_1022902	TH	HF	1022902	Bead	Roses are Red.....	5925
TH_1027648	TH	HF	1027648	Jimiel	From Oasis, With Regards	5540
TH_10310966	TH	HF	10310966	Wynni	His Treasure Booty, Her Hearty	8011
TH_10315613	TH	HF	10315613	TheSleepyPotatoChip	Dinner Dates in Middle Earth	8419
TH_1033909	TH	HF	1033909	pherede	Lain Low (original unfinished edition)	19565
TH_1056350	TH	HF	1056350	i_luv_obiwan91	A Dwarrow and His Woman	6442
TH_1093732	TH	HF	1093732	AngelsAvengeMe	Underwater	6206
TH_1098613	TH	HF	1098613	Fratchet41	Uzbadul	14777
TH_11008857	TH	HF	11008857	Draquete	The Forbidden Fruit Tastes So Sweet	8130
TH_1116438	TH	HF	1116438	Sealachii	Idlewild	12098
TH_1121342	TH	HF	1121342	jobiwonkanobi	The Day I Literally Ran Into Mirkwood: A Love Story, Sort Of	14251
TH_1146834	TH	HF	1146834	thelyons18	His Little Warrior	7555
TH_1149238	TH	HF	1149238	aerlinniel	Dragonborn	5354
TH_1149636	TH	HF	1149636	when_you_fail	Long, Long ago...	5517
TH_1150331	TH	HF	1150331	preraphhobbit	Across the Sunset Sea	7109
TH_1152510	TH	HF	1152510	pherede	AU Madness - Thorinduil & Friends	7266
TH_11545329	TH	HF	11545329	archelonisychros	Unarmed	11776
TH_1155638	TH	HF	1155638	orphan_account	The Round Green Door	10429
TH_11595342	TH	HF	11595342	shinigami714	Concessions	9185
TH_1171677	TH	HF	1171677	Nylex	primrose	9482
TH_1177789	TH	HF	1177789	Zoop (zoop526)	The Zoopers are Coming	10868
TH_1182542	TH	HF	1182542	EzmEmily	Scales and Gills	7672
TH_1211164	TH	HF	1211164	TazmainianDevil	The Iron Crown	16455
TH_1222588	TH	HF	1222588	Captain_of_Elf_hearts	I've hurt my self by hurting you	8710
TH_1248433	TH	HF	1248433	orphan_account	Horns and Halos	13368
TH_127022	TH	HF	127022	Celandine	Lord of the Rings Filks	16023
TH_1271947	TH	HF	1271947	Dark_Ithil	Escape is a dish best served cold	10029
TH_1287001	TH	HF	1287001	madqueenofhellskitchen	Dare to Touch the Sky	14252
TH_1287184	TH	HF	1287184	StraightFromFantasyland	Nothing Without You	8678
TH_1311565	TH	HF	1311565	JeniceM	In My End is My Beginning	19227
TH_13266396	TH	HF	13266396	Oxford	All These Years	5143
TH_1381006	TH	HF	1381006	MateaHefler	The Unexpected Life	8809
TH_1387231	TH	HF	1387231	badskippy	Holy Holiday	5296
TH_13959774	TH	HF	13959774	Tehri	Endearments	10260
TH_13975839	TH	HF	13975839	DwarvesLikeShinyThings	Tides of Fate Onward Run	5316
TH_14088378	TH	HF	14088378	CXMP_14	The Hobbit from Gallifrey	9596
TH_14341458	TH	HF	14341458	bunn	Fairy-tales, Cabbages & Potatoes	13060
TH_14489235	TH	HF	14489235	MiriyanThesilverWolf	Who Will Win Your Heart?	6180
TH_1528040	TH	HF	1528040	madqueenofhellskitchen	My Beautiful Reaper Sings (Memento Mori)	15233
TH_1568318	TH	HF	1568318	trulyunruly	Three-For-One Drinks Night (or How Boring Baggins Found His Courage)	12671
TH_1707869	TH	HF	1707869	Wise_Wayward	Touch Has A Memory	5096
TH_1761649	TH	HF	1761649	charlottefrey	The strongest dwarrodam	9345
TH_1773892	TH	HF	1773892	elveriamoir	It's worth Fighting for.	13460
TH_1976166	TH	HF	1976166	Sheepie	Learn to Say Goodbye	6597
TH_1987758	TH	HF	1987758	gracieluu	Leaves of Grey	11898
TH_2025090	TH	HF	2025090	AI07	Hobbit Hole Haven Dot Net	16265
TH_2067300	TH	HF	2067300	Lauriel (InfiniteHazelnut)	Colour Negative	18231
TH_2380208	TH	HF	2380208	InkFire_Scribe	Captive King	6905
TH_2462309	TH	HF	2462309	orphan_account	Biding Time	7800
TH_2471462	TH	HF	2471462	Dreamflower	Dreamflower's Dribs and Drabs	8220
TH_2506502	TH	HF	2506502	jaydee09	The Kings and the Forges	6065
TH_2510231	TH	HF	2510231	Tuatara_Cda	My Middle Earth Hobbit Consistency Guideline	6889
TH_2521217	TH	HF	2521217	GreetingsFromHobbiton	Of Swords And Stings	8560
TH_2575127	TH	HF	2575127	Torun	Winter Tales	11373
TH_2648756	TH	HF	2648756	PrincessQuill	Should There Be Starlight	11854
TH_2753183	TH	HF	2753183	thewaywardwriter	For the Dancing and the Dreaming	5713
TH_2766308	TH	HF	2766308	HobbitSizedWriter	A Wonderful Family Dinner	5852
TH_2802302	TH	HF	2802302	Dream_Team	The Alliance of Mirkwood	16157
TH_2818406	TH	HF	2818406	hannesthorild	What happens in rivendell stays in Rivendell	7460
TH_2837381	TH	HF	2837381	VanishedElf	A Curious Understanding	5178
TH_2891153	TH	HF	2891153	Squeakers19	The Road to Erebor	10290
TH_3065534	TH	HF	3065534	AI07	Traditions	11924
TH_3072968	TH	HF	3072968	lostunderthemountain	Where Do We Begin?	6504
TH_3103505	TH	HF	3103505	cassanah	In This World and Beyond	5337
TH_3116744	TH	HF	3116744	fideliant	Fog of War Runs Deep	13201
TH_3170054	TH	HF	3170054	InkFire_Scribe	For the Love of a King	8891
TH_3192464	TH	HF	3192464	fairiel	Heart Under The Mountain	10813
TH_3212021	TH	HF	3212021	Sans_Souci	Better Than Expected	17988
TH_3231716	TH	HF	3231716	Saentorine	Starlight Burnt Out	5047
TH_3240770	TH	HF	3240770	ClaireVioletThorpe	Randomness (Tales for January)	14161
TH_3274604	TH	HF	3274604	shuofthewind	owning heaven	11942
TH_3287207	TH	HF	3287207	redroses100	Jealousy	12349
TH_3316013	TH	HF	3316013	Ysilme	The King of the Forest	7400
TH_3369044	TH	HF	3369044	Mad_Woman_with_a_Wabbajack	Mother	9523
TH_3450002	TH	HF	3450002	Lilylotusbud	Heels Over Head	5637
TH_3451484	TH	HF	3451484	Basicalllybarbie	a night to remember	9182
TH_3470309	TH	HF	3470309	Snowheart2794	Eyes Of Darkness	7002
TH_3472478	TH	HF	3472478	shuofthewind	once, twice, again	8410
TH_3577089	TH	HF	3577089	Kage_Musha	Endless Rebirth, Endless Insanity	9506
TH_3582672	TH	HF	3582672	orphan_account	By A Beating Heart (On Hiatus)	7536
TH_3664962	TH	HF	3664962	KusanoSaku	The Second Golden Age of Durin’s Folk	13289
TH_3665187	TH	HF	3665187	SunandShadowBoth	Renewed Shall Be the Blade that Was Broken	9896
TH_3704491	TH	HF	3704491	DurinsFolk_Shenanigans (sd_h)	Mean Dwarves	6022
TH_3756760	TH	HF	3756760	KusanoSaku	My Precious	8842
TH_3767293	TH	HF	3767293	star_named_andy	As Merry As The Day Is Long	8098
TH_3771667	TH	HF	3771667	Isys Luna Skeeter (IsysSkeeter)	Arkenstone	8153
TH_3771748	TH	HF	3771748	thudworm	"""Surely he could have found someone better"""	5800
TH_3778105	TH	HF	3778105	AshynnaStarlight	Baker's Daughter	5000
TH_3794545	TH	HF	3794545	star_named_andy	Revolution	5610
TH_3810010	TH	HF	3810010	star_named_andy	A Night With The Right Hand	5415
TH_3815488	TH	HF	3815488	badskippy	The Brothers Ri	7595
TH_3824734	TH	HF	3824734	jaydee09	The Kings and the Dancing Lessons	5850
TH_3836170	TH	HF	3836170	star_named_andy	To Be, Or Not To Be?	7875
TH_3884635	TH	HF	3884635	alliekatt314	Bella Baggins	13580
TH_3948400	TH	HF	3948400	Lonie_67	BROTHERS	19020
TH_4071136	TH	HF	4071136	ElliotGraceAndTheories	Now You Are Here	12938
TH_4071670	TH	HF	4071670	star_named_andy	Pet, Pest, or Neither?	5414
TH_4090960	TH	HF	4090960	Caiti (Caitriona_3)	Dragonriders	5177
TH_4118248	TH	HF	4118248	jaydee09	The Kings and the Love Letters	5422
TH_4124772	TH	HF	4124772	star_named_andy	What's In A Name?	6066
TH_4209276	TH	HF	4209276	star_named_andy	E is for Electricity	5052
TH_4303236	TH	HF	4303236	jaydee09	The Kings and the Voyeur	5678
TH_4327161	TH	HF	4327161	Misty_Endings	Six Little Words	11929
TH_4357823	TH	HF	4357823	seashadows	Sunshine	6707
TH_4365971	TH	HF	4365971	orphan_account	This Is To End In Fire (On Hiatus)	12840
TH_4378049	TH	HF	4378049	Misty_Endings	Knowing Girion	11238
TH_4493970	TH	HF	4493970	shinigami714	Snowcapped	6143
TH_453423	TH	HF	453423	lily_winterwood	A Study in Mithril	9449
TH_4542474	TH	HF	4542474	SweetCandy	Of Kittens And Wolves	11618
TH_4595391	TH	HF	4595391	Firerose	Three Adventures Belladonna Took Never Went On	5882
TH_4645296	TH	HF	4645296	LoveActuallyFan	Decadence	5545
TH_4671095	TH	HF	4671095	serenityabrin	Faith in the Design	9529
TH_4768175	TH	HF	4768175	crashlandthetardis (artificertary)	New Life Under the Mountain	5680
TH_4904332	TH	HF	4904332	jaydee09	The Kings and the Lady of Lorien	8636
TH_4910821	TH	HF	4910821	injerannie94	Pirates!	18984
TH_4997902	TH	HF	4997902	thepizzasitter	Show Me How You Burlesque	6869
TH_5060356	TH	HF	5060356	TheFeelz	Ugly	13667
TH_5143502	TH	HF	5143502	hedgerowhag	ísmere	5387
TH_5145950	TH	HF	5145950	LadyBardock	Haunted?	14468
TH_5162780	TH	HF	5162780	Zoya52	Always Together	13976
TH_5523518	TH	HF	5523518	littlebrownshoe (Wolfy_Tales)	Long Time Gone	10512
TH_5552663	TH	HF	5552663	LadyBardock	Beautiful	15287
TH_5580463	TH	HF	5580463	kettish	A Bold New World	5783
TH_5588668	TH	HF	5588668	dreamsoverdeath (dheiress)	all strange wonders that befell thee	6381
TH_5975683	TH	HF	5975683	jaydee09	The Kings - Servant and Master	5295
TH_5977513	TH	HF	5977513	Meg_Thilbo	Do Not Go Gentle Into That Good Night	9831
TH_598685	TH	HF	598685	cc62827	Fourteen Pieces of Unsolicited Advice...And One Time Thorin Asked What He Should Do	13462
TH_6011815	TH	HF	6011815	orphan_account	Be My Valentine	7865
TH_6023625	TH	HF	6023625	queenmidalah	Donor ID: FDB2859	13045
TH_608532	TH	HF	608532	lily_winterwood	The Blind Elvenking	5679
TH_6100621	TH	HF	6100621	Cassie_GunsAroses21	Young Love In The Greenwood	5647
TH_6144193	TH	HF	6144193	TheMirkyKing	Stumble And You May Fall.	7872
TH_6171532	TH	HF	6171532	cats_cradle	My Love Lies Upon You On Hiatus	13665
TH_6408424	TH	HF	6408424	Mabartuna	The Verses Play	6258
TH_6454855	TH	HF	6454855	Maggiluisa	NOTHING	11592
TH_650993	TH	HF	650993	CarissaFae	The Archer, The Mummer, and The Wolf	16001
TH_657014	TH	HF	657014	JadedCoral	And in the Darkness	17651
TH_660477	TH	HF	660477	evek	Out for Tea	7689
TH_662284	TH	HF	662284	redfantasyfox	The Truth About Forever	5695
TH_662513	TH	HF	662513	grav_ity	Timshel	5174
TH_6643117	TH	HF	6643117	Sylencia	The Captain and the Thief	12436
TH_666641	TH	HF	666641	honeybearbee	I wanna scream 'I love you' from the top of my lungs	11045
TH_676645	TH	HF	676645	greenkangaroo	Stars are Dead and Trees are Silent	9290
TH_6771949	TH	HF	6771949	orphan_account	The Many Moods Of Thorin Oakenshield	7282
TH_6784171	TH	HF	6784171	orphan_account	Drabbles and Ficlets	13803
TH_678584	TH	HF	678584	Lomelindi (PirateColey)	Tales from the Forge	19432
TH_680696	TH	HF	680696	orphan_account	Where Blue Eyes Were Supposed To Be	14279
TH_6867298	TH	HF	6867298	Maggiluisa	Married to the King	6483
TH_689117	TH	HF	689117	The Feels Whale (miscellea)	The Ship Who Stole	9327
TH_6894292	TH	HF	6894292	orphan_account	If Beyond	8877
TH_689447	TH	HF	689447	madame_faust	The Trouble with Chocolate Kisses	15663
TH_690347	TH	HF	690347	princeunderthemountain	The Wild	11352
TH_6913477	TH	HF	6913477	fromthedeskoftheraven	To mend a heart	7377
TH_696169	TH	HF	696169	paladinpalindrome	Spectrum	7271
TH_698214	TH	HF	698214	Julie290	Les Deux Hommes	5447
TH_699972	TH	HF	699972	Dean_Dwarfchester (orphan_account)	You are the best moment of my life.	7446
TH_7005622	TH	HF	7005622	star_named_andy	Blackout Freakout	5417
TH_701074	TH	HF	701074	cmorgana	5 Life-changing Kisses	5954
TH_7011409	TH	HF	7011409	LadyBardock	Stupid mistakes	10718
TH_702168	TH	HF	702168	foreverdistracted	A Singular Purpose	14192
TH_703572	TH	HF	703572	Taurnil	Trusting Hearts	11545
TH_7075372	TH	HF	7075372	darknessesmistress95	The Ice King	9269
TH_708704	TH	HF	708704	Anoriell	Desecrated Bond, Condemned Soul	5395
TH_713912	TH	HF	713912	windchijmes	Of Dwarf and Dormouse	6689
TH_714712	TH	HF	714712	Author376	Deals Made in Good Honor	5748
TH_715309	TH	HF	715309	Vixenkiba	The Toymaker and the Doll	8075
TH_716478	TH	HF	716478	Smuttysmutwriter	A Week of Orwal	6038
TH_7174637	TH	HF	7174637	OakenDurinsons	Healing Touch	7578
TH_732389	TH	HF	732389	Crocochoo	How do They See It?	9516
TH_7369294	TH	HF	7369294	TeaDrinkerBarrelRider	Gentle Kisses, Warm Liquids, Deep Touch	18793
TH_745155	TH	HF	745155	Selithiel	My Wielder	11460
TH_7565854	TH	HF	7565854	Meysun	Still There	8538
TH_759865	TH	HF	759865	timjelly	An Unexpected Turn of Events	15761
TH_766838	TH	HF	766838	Gothicsouthpaw30	Bofur's Birthday Celebration	7315
TH_767370	TH	HF	767370	ladysassafrass	A Tree Withered in Winter	7702
TH_779899	TH	HF	779899	whitelotuswings	Curiosity	9125
TH_7920298	TH	HF	7920298	LadyBardock	Empty Echo	19206
TH_801426	TH	HF	801426	thelastfig	Looking into your eyes	7100
TH_819210	TH	HF	819210	Aida	Dwalin's Family	13655
TH_822027	TH	HF	822027	DragonJellyBeanTears	An Iron Fist	8536
TH_825413	TH	HF	825413	hiddlespeare	Running Away	5747
TH_825630	TH	HF	825630	dothraki_shieldmaiden	Sustenance	8179
TH_835355	TH	HF	835355	VileVenom	Danger! High Voltage	8974
TH_836085	TH	HF	836085	Beckendorf	Middle Earth University	5422
TH_838292	TH	HF	838292	dystini	You will be mine	9421
TH_840544	TH	HF	840544	Werecakes	Motels and Hobbit Holes	12060
TH_847208	TH	HF	847208	naity_sama	On the Bottom	5956
TH_855043	TH	HF	855043	TaterChipGirl	The Heart Of Thorin	6671
TH_879271	TH	HF	879271	Poetsfall	Call of the West	16061
TH_8809138	TH	HF	8809138	Meysun	The Stars, the Oliphaunt and the Warrior (Triptych)	14322
TH_8951737	TH	HF	8951737	Youli_mae	Elven Guardian	6150
TH_8952622	TH	HF	8952622	BubuBORG	Coming Home	14292
TH_897864	TH	HF	897864	keelywolfe	An Appetite For Mushrooms	6255
TH_898290	TH	HF	898290	darth_stitch	The Wizard, the Cat and the Hobbit in the Wardrobe	9256
TH_9214880	TH	HF	9214880	Dreamflower	The Last Homely House Welcomes Mr. Baggins	5934
TH_9404735	TH	HF	9404735	DaughterofDurin	Home Is Behind	8567
TH_956390	TH	HF	956390	Mythopoeia	Taur-e-Ndaedelos	9019
TH_957553	TH	HF	957553	Rori_Teagan	Out of the Mouths of Babes (with the help of a meddling wizard)	8450
TH_978875	TH	HF	978875	orphan_account	Smut shorts	7112
